6,android.sensor.light,245.0,2629.0,0.0
57,android.sensor.accelerometer,0.61291564,6.0238113,7.6231384
104,android.sensor.game_rotation_vector,0.326074,-0.031755,0.012221,0.944731
156,android.sensor.orientation,158.15,-22.66,1.6999999
207,android.sensor.orientation,159.45999,-24.56,1.31
256,android.sensor.accelerometer,0.6512229,6.0621185,7.824251
307,android.sensor.geomagnetic_rotation_vector,0.002416,-0.32427,-0.939012,0.11445,0.0
358,android.sensor.game_rotation_vector,0.320052,-0.025478,0.016606,0.946911
409,android.sensor.game_rotation_vector,0.317814,-0.023625,0.016661,0.947712
460,android.sensor.orientation,160.84999,-29.16,0.89
511,android.sensor.orientation,161.48,-29.88,0.98999995
566,android.sensor.accelerometer,0.36391866,5.793968,8.034941
616,android.sensor.accelerometer,0.5363012,5.841852,7.833828
666,android.sensor.accelerometer,0.36391866,5.631162,7.9487495
716,android.sensor.accelerometer,-0.038307227,5.535394,8.523358
766,android.sensor.accelerometer,0.8714894,5.746084,8.513782
816,android.sensor.accelerometer,3.2273839,6.9144545,6.6079965
866,android.sensor.geomagnetic_rotation_vector,-0.099482,-0.398759,-0.901823,0.133449,0.0
918,android.sensor.game_rotation_vector,0.34242,-0.088857,0.038443,0.934545
969,android.sensor.game_rotation_vector,0.337394,-0.08739,0.037026,0.936566
1019,android.sensor.game_rotation_vector,0.324854,-0.085246,0.032472,0.941354
1069,android.sensor.magnetic_field_uncalibrated,118.4375,133.0625,171.8125,124.9375,159.9375,182.0
1120,android.sensor.orientation,163.5,-33.73,6.47
1170,android.sensor.orientation,163.51999,-33.559998,4.91
1226,android.sensor.accelerometer,0.29688102,5.4300494,7.728483
1276,android.sensor.accelerometer,0.7757214,5.544971,8.494628
1326,android.sensor.accelerometer,0.37349546,5.3247046,8.37013
1376,android.sensor.accelerometer,0.82360536,5.6215854,8.130709
1426,android.sensor.accelerometer,0.58418524,5.506664,8.0445175
1476,android.sensor.accelerometer,0.5267244,5.506664,7.9583263
1526,android.sensor.geomagnetic_rotation_vector,0.020072,-0.285594,-0.94581,0.153217,0.0
1578,android.sensor.game_rotation_vector,0.288993,-0.034294,0.003839,0.956709
1629,android.sensor.game_rotation_vector,0.290372,-0.036470998,0.004608,0.956207
1680,android.sensor.orientation,165.65,-33.559998,3.6299999
1730,android.sensor.gyroscope_uncalibrated,-0.04153884,-0.05375614,-0.029321533,0.010995574,0.04642576,-0.0012217305
1786,android.sensor.accelerometer,0.7661445,5.544971,8.1881695
1836,android.sensor.accelerometer,0.47884035,5.353435,8.66701
1886,android.sensor.accelerometer,0.78529817,5.650316,7.4507556
1936,android.sensor.accelerometer,0.9959879,5.707777,7.642292
1986,android.sensor.accelerometer,1.0821792,5.6982,8.360553
2036,android.sensor.accelerometer,0.8523358,5.554548,8.532935
2086,android.sensor.geomagnetic_rotation_vector,-0.010742,-0.309511,-0.940977,0.136562,0.0
2138,android.sensor.game_rotation_vector,0.303997,-0.054142,-0.007978,0.951099
2190,android.sensor.geomagnetic_rotation_vector,-0.013925,-0.301405,-0.94861,0.095384,0.0
2240,android.sensor.orientation,168.01,-36.579998,5.1099997
2291,android.sensor.orientation,168.72,-36.09,6.22
2346,android.sensor.accelerometer,0.89064306,5.0374002,9.260772
2396,android.sensor.accelerometer,0.06703765,5.3821654,7.824251
2446,android.sensor.accelerometer,0.7469909,5.4300494,8.695741
2496,android.sensor.accelerometer,0.81402856,5.209783,8.341399
2546,android.sensor.accelerometer,0.40222588,5.9184666,7.651869
2596,android.sensor.geomagnetic_rotation_vector,0.037358,0.296848,0.954135,0.010543,0.0
2656,android.sensor.accelerometer,0.78529817,5.209783,8.130709
2706,android.sensor.accelerometer,1.0726024,5.046977,7.929596
2756,android.sensor.accelerometer,0.35434186,5.6982,8.264784
2806,android.sensor.accelerometer,0.5650316,5.449203,7.97748
2856,android.sensor.accelerometer,0.46926352,5.544971,7.575254
2906,android.sensor.accelerometer,0.50757074,5.4779334,8.446744
2957,android.sensor.accelerometer,0.9768343,5.3247046,8.619126
3008,android.sensor.geomagnetic_rotation_vector,-0.011759,-0.288202,-0.954169,0.079765,0.0
3058,android.sensor.game_rotation_vector,0.296732,-0.025104,-0.007501,0.954601
3109,android.sensor.magnetic_field,-1.375,-23.9375,-9.4375
3166,android.sensor.accelerometer,-0.6895301,6.588843,6.9144545
3217,android.sensor.accelerometer,-0.12449849,5.755661,7.728483
3266,android.sensor.accelerometer,-0.21068975,6.0046577,7.632715
3319,android.sensor.game_rotation_vector,0.308882,0.006705,-0.010943,0.95101297
3370,android.sensor.magnetic_field,-3.5625,-26.125,-10.9375
3426,android.sensor.accelerometer,1.3311762,5.746084,8.724471
3473,android.sensor.orientation,167.76999,-34.559998,4.2599998
3526,android.sensor.accelerometer,1.2641385,5.583278,8.054094
3576,android.sensor.accelerometer,1.7621324,6.7612257,7.680599
3627,android.sensor.accelerometer,2.6623523,5.899313,7.0964136
3678,android.sensor.game_rotation_vector,0.317413,-0.127569,0.010254,0.939611
3729,android.sensor.game_rotation_vector,0.309811,-0.125677,0.011359,0.942386
3780,android.sensor.orientation,170.48999,-35.88,13.09
3830,android.sensor.magnetic_field,-6.5,-28.3125,-12.375
3886,android.sensor.accelerometer,1.5610195,5.209783,8.1402855
3936,android.sensor.accelerometer,1.6376339,5.257667,8.532935
3986,android.sensor.accelerometer,0.60333884,4.5202527,9.11712
4036,android.sensor.accelerometer,0.019153614,4.912902,7.5082164
4086,android.sensor.accelerometer,1.0342951,5.1810527,8.724471
4136,android.sensor.accelerometer,1.4077905,5.1906295,8.494628
4186,android.sensor.accelerometer,1.2449849,5.497087,7.383718
4236,android.sensor.accelerometer,1.685518,5.497087,8.025364
4287,android.sensor.geomagnetic_rotation_vector,-0.037846,-0.301721,-0.940714,0.150295,0.0
4338,android.sensor.game_rotation_vector,0.294583,-0.074255,0.021141,0.952501
4389,android.sensor.game_rotation_vector,0.294822,-0.075434,0.021081,0.952336
4441,android.sensor.orientation,169.34,-34.68,9.0199995
4490,android.sensor.magnetic_field_uncalibrated,116.25,134.5,170.375,124.9375,159.9375,182.0
4546,android.sensor.accelerometer,1.3215994,5.3247046,8.379706
4596,android.sensor.accelerometer,1.9728222,5.755661,7.6135616
4646,android.sensor.accelerometer,2.2122424,5.650316,7.431602
4696,android.sensor.accelerometer,0.4309563,5.803545,7.517793
4746,android.sensor.accelerometer,1.0630256,5.410896,7.2783732
4796,android.sensor.accelerometer,5.2768207,5.3821654,8.437167
4849,android.sensor.game_rotation_vector,0.316594,-0.264102,0.083707,0.907199
4902,android.sensor.orientation,167.16,-38.91,32.88
4952,android.sensor.orientation,166.25,-38.37,31.76
5006,android.sensor.accelerometer,4.606444,5.3438582,6.3589997
5056,android.sensor.accelerometer,4.6830587,5.544971,6.1195793
5107,android.sensor.accelerometer,4.76925,5.363012,6.7803793
5156,android.sensor.accelerometer,4.6926355,5.3821654,6.5505357
5206,android.sensor.geomagnetic_rotation_vector,-0.15725599,-0.380537,-0.869218,0.273717,0.0
5258,android.sensor.game_rotation_vector,0.31716,-0.232711,0.092022,0.91476
5309,android.sensor.game_rotation_vector,0.322382,-0.229631,0.09105,0.91381
5360,android.sensor.orientation,163.03,-38.149998,27.5
5411,android.sensor.orientation,162.84999,-36.88,25.14
5466,android.sensor.accelerometer,2.9400797,5.602432,7.335834
5516,android.sensor.accelerometer,1.9153614,4.9224787,7.2113357
5566,android.sensor.accelerometer,1.4748282,4.7979803,8.494628
5616,android.sensor.accelerometer,0.38307226,4.76925,9.030929
5666,android.sensor.accelerometer,-0.08619126,5.094861,8.39886
5723,android.sensor.game_rotation_vector,0.283605,-0.025537,-0.012631,0.958517
5769,android.sensor.gyroscope_uncalibrated,0.18448131,0.05009095,0.07086037,0.010995574,0.04642576,-0.0012217305
5821,android.sensor.orientation,166.33,-34.0,1.99
5877,android.sensor.accelerometer,0.4309563,5.7269306,7.2783732
5926,android.sensor.accelerometer,0.7661445,5.90889,7.967903
5977,android.sensor.gravity,0.645,5.7504997,7.9172997
6029,android.sensor.game_rotation_vector,0.30611598,-0.042616,-0.008077,0.951005
6079,android.sensor.gyroscope,-0.058643065,0.018325957,0.036651913
6130,android.sensor.gyroscope,0.06841691,0.16126843,0.0012217305
6202,android.sensor.accelerometer,0.80445176,5.765238,7.833828
6232,android.sensor.gyroscope,-0.05009095,0.105068825,-0.007330383
6286,android.sensor.accelerometer,0.60333884,5.6407394,8.00621
6354,android.sensor.accelerometer,0.59376204,5.602432,8.63828
6400,android.sensor.orientation,168.33,-34.5,3.73
6439,android.sensor.accelerometer,0.7757214,5.583278,7.9008656
6486,android.sensor.accelerometer,0.6512229,5.602432,7.9104424
6539,android.sensor.geomagnetic_rotation_vector,-0.022838,-0.304818,-0.950929,0.047931,0.0
6589,android.sensor.game_rotation_vector,0.298695,-0.037364,-0.006088,0.953597
6683,android.sensor.orientation,169.55,-34.98,3.76
6737,android.sensor.accelerometer,0.21068975,5.363012,8.130709
6786,android.sensor.accelerometer,0.79487497,5.6215854,8.101978
6836,android.sensor.accelerometer,0.78529817,5.8226986,7.9870567
6887,android.sensor.accelerometer,0.50757074,5.4779334,8.0924015
6936,android.sensor.accelerometer,0.6895301,5.66947,8.169016
6987,android.sensor.geomagnetic_rotation_vector,0.055361,0.298469,0.951514,0.049719,0.0
7037,android.sensor.linear_acceleration,-0.0667,-0.16679999,-0.2294
7089,android.sensor.game_rotation_vector,0.297388,-0.035423,-0.002113,0.954097
7138,android.sensor.game_rotation_vector,0.297543,-0.035183,-0.001845,0.954058
7189,android.sensor.gyroscope_uncalibrated,0.0036651916,0.04153884,0.0061086523,0.010995574,0.04642576,-0.0012217305
7246,android.sensor.accelerometer,0.6512229,5.6215854,8.073248
7296,android.sensor.accelerometer,0.63206923,5.602432,8.034941
7346,android.sensor.accelerometer,0.60333884,5.5258174,8.24563
7396,android.sensor.accelerometer,0.40222588,5.3821654,7.9583263
7446,android.sensor.accelerometer,0.63206923,5.391742,8.647857
7496,android.sensor.accelerometer,1.0055647,5.755661,8.322245
7546,android.sensor.accelerometer,1.7525556,5.9184666,7.6135616
7596,android.sensor.accelerometer,2.0685902,5.899313,7.489063
7646,android.sensor.geomagnetic_rotation_vector,0.113024,0.326408,0.938227,0.020288,0.0
7697,android.sensor.geomagnetic_rotation_vector,0.119723,0.31976,0.939898,0.00304,0.0
7749,android.sensor.game_rotation_vector,0.318209,-0.118049,-0.005499,0.940625
7798,android.sensor.gyroscope,0.036651913,-0.17104226,-0.02321288
7849,android.sensor.gyroscope,-0.042760566,0.042760566,0.019547688
7900,android.sensor.orientation,172.86,-38.01,12.74
7951,android.sensor.orientation,173.44,-37.87,12.32
8006,android.sensor.accelerometer,2.0590134,5.889736,7.7093296
8056,android.sensor.accelerometer,2.0590134,5.851429,7.4507556
8106,android.sensor.accelerometer,1.8962077,5.7748146,7.52737
8156,android.sensor.accelerometer,2.3175871,5.8801594,8.274361
8206,android.sensor.accelerometer,2.0015526,5.8226986,7.8146744
8256,android.sensor.accelerometer,2.0590134,5.765238,7.5561004
8306,android.sensor.accelerometer,2.0398598,5.851429,7.8912888
8357,android.sensor.geomagnetic_rotation_vector,-0.078627,-0.315235,-0.941579,0.088724,0.0
8408,android.sensor.game_rotation_vector,0.308478,-0.111034,-0.003767,0.944721
8458,android.sensor.game_rotation_vector,0.307309,-0.110127,-0.003465,0.945209
8509,android.sensor.game_rotation_vector,0.305925,-0.108899,-0.002877,0.945802
8559,android.sensor.game_rotation_vector,0.30493,-0.106982,-0.002207,0.946344
8609,android.sensor.gyroscope_uncalibrated,-0.0036651916,0.1563815,-0.008552114,0.010995574,0.04642576,-0.0012217305
8660,android.sensor.orientation,173.14,-35.88,10.86
8711,android.sensor.gyroscope_uncalibrated,-0.064751714,0.09285152,-0.009773844,0.010995574,0.04642576,-0.0012217305
8780,android.sensor.orientation,173.15,-35.25,10.84
8831,android.sensor.game_rotation_vector,0.295407,-0.102731,-0.001841,0.94983
8886,android.sensor.accelerometer,1.8483237,5.554548,7.8912888
-8932,sound,52.986697174242835
8986,android.sensor.accelerometer,1.9536686,5.4779334,7.603985
9036,android.sensor.accelerometer,1.934515,5.5737014,8.561666
9086,android.sensor.accelerometer,1.9919758,5.544971,8.408437
9137,android.sensor.accelerometer,1.8866309,5.602432,8.312668
9187,android.sensor.geomagnetic_rotation_vector,0.085791,0.288453,0.953312,0.0251,0.0
9237,android.sensor.rotation_vector,-0.025564,-0.295484,-0.951204,0.085117,0.0
9289,android.sensor.game_rotation_vector,0.290264,-0.031669,-0.002956,0.956417
9338,android.sensor.gyroscope_uncalibrated,-0.008552114,0.47647488,-0.18692477,0.010995574,0.04642576,-0.0012217305
9390,android.sensor.gyroscope,-0.007330383,0.12339478,-0.17959438
9440,android.sensor.orientation,170.84999,-33.93,0.53
9496,android.sensor.accelerometer,0.15322891,5.554548,8.255207
9546,android.sensor.accelerometer,0.08619126,5.4779334,8.303091
9597,android.sensor.accelerometer,0.20111294,5.6215854,8.034941
9646,android.sensor.accelerometer,0.12449849,5.45878,8.350976
9700,android.sensor.accelerometer,0.18195933,5.391742,8.293514
9746,android.sensor.accelerometer,0.19153613,5.410896,8.408437
9797,android.sensor.accelerometer,0.21068975,5.535394,8.207323
9846,android.sensor.accelerometer,-0.15322891,5.5162406,8.360553
9897,android.sensor.geomagnetic_rotation_vector,0.013348,0.289809,0.95611,0.041055,0.0
9947,android.sensor.geomagnetic_rotation_vector,0.020142,0.29667,0.95397997,0.038756,0.0
9998,android.sensor.game_rotation_vector,0.285542,-0.009686,-0.022494,0.958053
10048,android.sensor.game_rotation_vector,0.275039,-0.009965,-0.021045,0.961151
10099,android.sensor.gyroscope,0.029321533,-0.021991149,0.07452556
10150,android.sensor.magnetic_field_uncalibrated,133.0625,116.25,167.4375,124.9375,159.9375,182.0
10203,android.sensor.accelerometer,0.36391866,5.305551,8.619126
10257,android.sensor.accelerometer,0.047884032,5.0374002,8.590396
10306,android.sensor.accelerometer,0.36391866,5.2289367,8.647857
10356,android.sensor.accelerometer,0.45968673,5.2289367,8.197746
10406,android.sensor.accelerometer,0.019153614,5.046977,8.456321
10456,android.sensor.accelerometer,0.11492168,4.9703627,8.743625
10506,android.sensor.accelerometer,0.1436521,4.999093,8.552089
10556,android.sensor.accelerometer,0.1436521,4.9799395,8.552089
10606,android.sensor.accelerometer,0.10534488,4.960786,8.283937
10657,android.sensor.accelerometer,0.2681506,5.0182467,8.916007
10707,android.sensor.linear_acceleration,-0.048,-0.1325,0.023699999
10758,android.sensor.game_rotation_vector,0.26,-0.011804,-0.009831,0.965486
10809,android.sensor.game_rotation_vector,0.25983,-0.011907,-0.009701,0.965532
10865,android.sensor.orientation,170.76999,-30.019999,0.87
10916,android.sensor.accelerometer,0.10534488,4.903325,8.504205
10966,android.sensor.accelerometer,0.06703765,4.7788267,7.967903
11016,android.sensor.accelerometer,0.35434186,5.046977,8.858546
11066,android.sensor.accelerometer,-0.10534488,4.8362875,9.059659
11116,android.sensor.accelerometer,0.45968673,5.1906295,8.590396
11166,android.sensor.accelerometer,0.24899697,4.960786,8.494628
11276,android.sensor.accelerometer,0.29688102,4.9895163,8.801085
11326,android.sensor.accelerometer,0.29688102,4.855441,8.714894
11376,android.sensor.accelerometer,0.25857377,5.046977,8.686164
11426,android.sensor.accelerometer,0.4309563,5.142745,8.149862
11477,android.sensor.geomagnetic_rotation_vector,0.037278,0.254368,0.964096,0.066522,0.0
11529,android.sensor.game_rotation_vector,0.26133,-0.024113,-0.009705,0.964899
11579,android.sensor.magnetic_field_uncalibrated,126.5,127.9375,165.25,124.9375,159.9375,182.0
11630,android.sensor.game_rotation_vector,0.260861,-0.020419,-0.00738,0.965132
11689,android.sensor.accelerometer,-0.15322891,4.146757,8.130709
11731,android.sensor.orientation,171.11,-30.64,2.4199998
11786,android.sensor.accelerometer,0.6991069,4.960786,8.1402855
11836,android.sensor.accelerometer,0.038307227,4.7884035,8.762778
11886,android.sensor.accelerometer,0.35434186,4.903325,8.973468
11936,android.sensor.accelerometer,0.31603462,4.903325,8.714894
11986,android.sensor.accelerometer,0.37349546,4.855441,8.552089
12036,android.sensor.accelerometer,0.4213795,4.951209,9.040505
12099,android.sensor.accelerometer,0.38307226,4.817134,8.810662
12150,android.sensor.linear_acceleration,0.0061999997,-0.041899998,-0.2771
12206,android.sensor.accelerometer,0.40222588,4.865018,8.973468
12256,android.sensor.accelerometer,0.31603462,4.8745947,8.590396
12306,android.sensor.accelerometer,0.32561144,4.8745947,8.820239
12356,android.sensor.accelerometer,0.38307226,4.8458643,8.714894
12407,android.sensor.accelerometer,0.4213795,4.8937483,8.772355
12456,android.sensor.accelerometer,0.33518824,4.8841715,8.552089
12509,android.sensor.game_rotation_vector,0.252152,-0.020338,-0.007185,0.967447
12558,android.sensor.game_rotation_vector,0.252109,-0.020417,-0.0072149998,0.967456
12618,android.sensor.accelerometer,0.33518824,4.960786,8.734048
12666,android.sensor.accelerometer,0.34476504,4.9703627,9.050082
12716,android.sensor.accelerometer,0.5746084,4.999093,9.030929
12766,android.sensor.accelerometer,-0.019153614,4.3382936,8.513782
12816,android.sensor.accelerometer,0.4213795,5.5641246,8.599973
12866,android.sensor.accelerometer,0.11492168,4.5872903,8.552089
12916,android.sensor.accelerometer,0.095768064,4.8458643,8.858546
12967,android.sensor.geomagnetic_rotation_vector,0.01607,0.249891,0.967666,0.030304,0.0
13020,android.sensor.geomagnetic_rotation_vector,0.021833,0.246512,0.967357,0.054539,0.0
13078,android.sensor.accelerometer,0.1436521,4.8458643,8.695741
13126,android.sensor.accelerometer,0.19153613,4.8745947,8.791509
13176,android.sensor.accelerometer,0.19153613,4.8362875,8.724471
13226,android.sensor.accelerometer,0.18195933,4.8458643,8.954314
13276,android.sensor.accelerometer,-0.06703765,4.6926355,8.954314
13326,android.sensor.accelerometer,0.32561144,5.085284,8.734048
13376,android.sensor.accelerometer,0.34476504,5.2002063,9.414001
13426,android.sensor.accelerometer,0.94810385,5.1906295,8.647857
13477,android.sensor.accelerometer,-0.21068975,4.7309427,8.331821
13527,android.sensor.rotation_vector,0.01629,-0.257976,-0.961865,0.089427,0.0
13580,android.sensor.accelerometer,0.2873042,4.951209,8.63828
13631,android.sensor.orientation,169.8,-29.849998,1.17
13686,android.sensor.accelerometer,0.24899697,4.9224787,8.7532015
13736,android.sensor.accelerometer,0.22984336,4.999093,8.590396
13786,android.sensor.accelerometer,0.2873042,4.9703627,8.66701
13836,android.sensor.accelerometer,0.23942018,4.9703627,8.66701
13886,android.sensor.accelerometer,0.2681506,4.999093,8.66701
13938,android.sensor.geomagnetic_rotation_vector,0.003877,-0.258201,-0.963819,0.066093996,0.0
13989,android.sensor.game_rotation_vector,0.25744,-0.014927,-0.001328,0.966178
14039,android.sensor.game_rotation_vector,0.25708,-0.014425,-9.61E-4,0.966281
14090,android.sensor.magnetic_field,-2.125,-27.625,-14.5625
14147,android.sensor.accelerometer,0.1436521,4.903325,8.896853
14196,android.sensor.game_rotation_vector,0.25358,-0.011396,-9.0E-6,0.967247
14246,android.sensor.accelerometer,0.1340753,4.8841715,8.6095495
14297,android.sensor.rotation_vector,0.014634,-0.25351,-0.963026,0.08999,0.0
14349,android.sensor.game_rotation_vector,0.254748,-0.014276,-6.24E-4,0.966901
14400,android.sensor.orientation,169.86,-29.369999,1.5699999
14451,android.sensor.orientation,169.81,-29.449999,1.66
14507,android.sensor.accelerometer,0.2681506,4.8458643,8.571242
14556,android.sensor.accelerometer,0.2681506,4.9320555,8.513782
14606,android.sensor.accelerometer,0.2777274,4.8458643,8.714894
14656,android.sensor.accelerometer,0.2777274,4.9320555,8.791509
14709,android.sensor.game_rotation_vector,0.253263,-0.013629,9.08E-4,0.967301
14759,android.sensor.game_rotation_vector,0.253207,-0.013709,9.26E-4,0.967314
14810,android.sensor.gyroscope,0.007330383,0.036651913,0.0061086523
14866,android.sensor.accelerometer,0.24899697,4.9320555,8.590396
14916,android.sensor.accelerometer,0.22026655,4.8362875,8.647857
14966,android.sensor.accelerometer,0.23942018,4.855441,8.6574335
15016,android.sensor.accelerometer,0.23942018,4.8745947,8.590396
15066,android.sensor.accelerometer,0.25857377,4.9703627,9.356541
15116,android.sensor.accelerometer,0.06703765,5.1140146,8.111555
15169,android.sensor.game_rotation_vector,0.275673,0.018706,0.009828,0.961019
15222,android.sensor.orientation,166.78,-32.93,-3.24
15271,android.sensor.orientation,166.47,-33.649998,-3.99
15326,android.sensor.accelerometer,-0.5650316,5.650316,8.542512
15376,android.sensor.accelerometer,-1.2545617,5.8226986,8.446744
15440,android.sensor.rotation_vector,0.065973,-0.285433,-0.950726,0.101463,0.0
15496,android.sensor.accelerometer,-0.5554548,5.5162406,8.197746
15546,android.sensor.accelerometer,-0.4213795,5.3342814,8.42759
15596,android.sensor.accelerometer,-0.40222588,5.363012,8.418014
15646,android.sensor.accelerometer,-0.32561144,5.209783,8.418014
15696,android.sensor.accelerometer,-0.2873042,5.209783,8.475474
15746,android.sensor.accelerometer,-0.34476504,5.2289367,8.312668
15799,android.sensor.linear_acceleration,-0.022499999,-0.0972,0.027999999
15849,android.sensor.game_rotation_vector,0.27125,0.016987,0.008258,0.962323
15900,android.sensor.orientation,168.62999,-31.539999,-1.37
15953,android.sensor.game_rotation_vector,0.271439,0.014119,0.007806,0.96231997
16006,android.sensor.accelerometer,-0.19153613,5.1235914,8.542512
16056,android.sensor.accelerometer,-0.1436521,5.046977,8.66701
16106,android.sensor.accelerometer,-0.11492168,5.085284,8.532935
16156,android.sensor.accelerometer,-0.11492168,5.046977,8.628703
16206,android.sensor.accelerometer,-0.06703765,5.0661306,8.322245
16256,android.sensor.accelerometer,-0.18195933,5.0661306,8.408437
16306,android.sensor.accelerometer,0.17238252,5.3821654,8.379706
16356,android.sensor.accelerometer,0.30645782,5.401319,7.9870567
16406,android.sensor.accelerometer,0.29688102,5.094861,7.872135
16456,android.sensor.geomagnetic_rotation_vector,2.11E-4,-0.269454,-0.96209097,0.04212,0.0
16509,android.sensor.game_rotation_vector,0.274152,-0.009834,0.013891,0.961535
16558,android.sensor.game_rotation_vector,0.270903,-0.008897,0.014373,0.962458
16608,android.sensor.game_rotation_vector,0.270343,-0.008062,0.014609,0.962619
16660,android.sensor.orientation,168.62999,-31.189999,1.3199999
16709,android.sensor.gyroscope_uncalibrated,0.018325957,0.10262536,-0.0061086523,0.010995574,0.04642576,-0.0012217305
16760,android.sensor.orientation,168.53,-31.16,1.1
16811,android.sensor.orientation,168.56,-31.08,1.09
16866,android.sensor.accelerometer,0.18195933,5.104438,8.446744
16916,android.sensor.accelerometer,0.1436521,5.104438,8.389283
16966,android.sensor.accelerometer,0.11492168,5.133168,8.628703
17016,android.sensor.accelerometer,0.1340753,5.104438,8.523358
17066,android.sensor.accelerometer,0.17238252,5.1810527,8.408437
17116,android.sensor.accelerometer,0.047884032,5.1523223,8.504205
17166,android.sensor.accelerometer,0.019153614,5.0757074,8.0924015
17216,android.sensor.accelerometer,0.10534488,5.142745,8.350976
17267,android.sensor.rotation_vector,0.019959,-0.269189,-0.959042,0.085879,0.0
17318,android.sensor.game_rotation_vector,0.269248,-0.001325,0.015575,0.962944
17370,android.sensor.game_rotation_vector,0.27038,-0.001512,0.015447,0.962628
17426,android.sensor.accelerometer,0.10534488,5.085284,8.312668
17476,android.sensor.accelerometer,0.17238252,5.142745,8.437167
17526,android.sensor.accelerometer,0.11492168,5.1523223,8.561666
17577,android.sensor.accelerometer,0.08619126,5.171476,8.408437
17627,android.sensor.accelerometer,0.076614454,5.161899,8.465898
17677,android.sensor.geomagnetic_rotation_vector,-0.002786,-0.270334,-0.962731,0.007654,0.0
17731,android.sensor.game_rotation_vector,0.270595,-0.001504,0.015613,0.962565
17780,android.sensor.orientation,171.51,-31.4,0.44
17831,android.sensor.orientation,171.45,-31.47,0.42
17886,android.sensor.accelerometer,0.18195933,5.267244,8.475474
17936,android.sensor.accelerometer,0.16280572,4.9895163,8.121132
17986,android.sensor.accelerometer,0.2681506,5.305551,8.973468
18036,android.sensor.accelerometer,0.10534488,5.2863975,8.781932
18087,android.sensor.geomagnetic_rotation_vector,0.020115,-0.266882,-0.959699,0.085712,0.0
18139,android.sensor.game_rotation_vector,0.267391,-0.011181,0.00884,0.963482
18189,android.sensor.game_rotation_vector,0.263483,-0.011239,0.007039,0.964572
18239,android.sensor.game_rotation_vector,0.262929,-0.011436,0.005661,0.96473
18290,android.sensor.game_rotation_vector,0.263691,-0.010674,0.005324,0.964533
18346,android.sensor.accelerometer,0.25857377,5.0278234,8.360553
18396,android.sensor.accelerometer,0.1436521,5.0374002,8.590396
18446,android.sensor.accelerometer,0.22026655,5.00867,8.42759
18496,android.sensor.accelerometer,0.18195933,5.085284,8.619126
18546,android.sensor.accelerometer,0.25857377,5.0278234,8.523358
18596,android.sensor.geomagnetic_rotation_vector,0.0068779998,-0.263425,-0.961853,0.07347,0.0
18649,android.sensor.game_rotation_vector,0.267206,-0.008415,0.008039,0.963569
18698,android.sensor.gyroscope,0.035430185,0.15515977,0.0
18749,android.sensor.magnetic_field,-2.125,-28.3125,-11.625
18801,android.sensor.orientation,172.26,-30.83,0.58
18857,android.sensor.accelerometer,0.24899697,5.1906295,8.973468
18906,android.sensor.accelerometer,-0.038307227,4.9320555,8.485051
18956,android.sensor.accelerometer,0.49799395,5.48751,8.207323
19006,android.sensor.accelerometer,0.2777274,4.951209,8.552089
19056,android.sensor.accelerometer,0.22026655,5.0757074,8.571242
19106,android.sensor.accelerometer,0.19153613,5.1523223,8.274361
19158,android.sensor.rotation_vector,0.007454,-0.273192,-0.960254,0.05676,0.0
19209,android.sensor.game_rotation_vector,0.273685,-0.010068,0.001816,0.961764
19260,android.sensor.orientation,173.75,-31.609999,1.15
19310,android.sensor.magnetic_field_uncalibrated,122.0625,131.625,170.375,124.9375,159.9375,182.0
19366,android.sensor.accelerometer,0.1436521,5.161899,8.571242
19416,android.sensor.accelerometer,0.11492168,5.171476,8.552089
19466,android.sensor.accelerometer,0.08619126,5.1906295,8.197746
19516,android.sensor.geomagnetic_rotation_vector,0.018675,-0.277872,-0.957337,0.077086,0.0
19567,android.sensor.accelerometer,-0.076614454,5.1810527,8.283937
19618,android.sensor.game_rotation_vector,0.27867,0.009854,0.006654,0.960313
19669,android.sensor.game_rotation_vector,0.281459,0.0148,0.006918,0.959434
19720,android.sensor.orientation,172.01999,-33.42,-2.01
19771,android.sensor.orientation,171.87,-33.989998,-2.3799999
19826,android.sensor.accelerometer,-0.34476504,5.583278,8.0924015
19876,android.sensor.accelerometer,-0.35434186,5.535394,8.379706
19926,android.sensor.accelerometer,-0.32561144,5.4683566,8.178593
19976,android.sensor.accelerometer,-0.38307226,5.5162406,8.197746
20026,android.sensor.accelerometer,-0.2681506,5.410896,8.1402855
20076,android.sensor.accelerometer,-0.24899697,5.506664,8.197746
20126,android.sensor.geomagnetic_rotation_vector,0.015673,-0.293222,-0.955912,0.002526,0.0
20178,android.sensor.game_rotation_vector,0.283705,0.0019029999,0.001552,0.958908
20229,android.sensor.game_rotation_vector,0.282558,-0.0068489998,-8.55E-4,0.959225
20279,android.sensor.magnetic_field,0.0625,-28.3125,-10.9375
20330,android.sensor.game_rotation_vector,0.285594,-0.016004,-0.003878,0.958209
20386,android.sensor.accelerometer,0.32561144,5.439626,8.322245
20436,android.sensor.accelerometer,0.29688102,5.497087,8.303091
20486,android.sensor.accelerometer,0.15322891,5.449203,8.0924015
20536,android.sensor.accelerometer,0.1436521,5.583278,8.025364
20586,android.sensor.accelerometer,0.18195933,5.5258174,8.293514
20636,android.sensor.accelerometer,0.17238252,5.48751,8.111555
20686,android.sensor.geomagnetic_rotation_vector,0.007744,-0.290524,-0.95508,0.057943,0.0
20738,android.sensor.game_rotation_vector,0.293073,-0.012411,-0.006701,0.955985
20790,android.sensor.game_rotation_vector,0.293572,-0.01203,-0.006468,0.955839
20841,android.sensor.orientation,174.62,-34.12,0.90999997
20891,android.sensor.game_rotation_vector,0.2937,-0.011335,-0.006063,0.955811
20943,android.sensor.magnetic_field_uncalibrated,123.5625,136.0,174.0,124.9375,159.9375,182.0
20996,android.sensor.accelerometer,0.02873042,5.535394,8.1402855
21046,android.sensor.accelerometer,0.22984336,5.535394,8.255207
21096,android.sensor.accelerometer,0.23942018,5.4779334,8.283937
21146,android.sensor.accelerometer,0.25857377,5.554548,8.207323
21196,android.sensor.geomagnetic_rotation_vector,0.015247,0.28978,0.956957,0.005216,0.0
21248,android.sensor.rotation_vector,8.91E-4,-0.291562,-0.955206,0.050709,0.0
21298,android.sensor.gyroscope_uncalibrated,-0.0036651916,0.047647487,0.014660766,0.010995574,0.04642576,-0.0012217305
21351,android.sensor.orientation,174.34,-33.82,1.8499999
21406,android.sensor.accelerometer,0.2681506,5.3725886,8.197746
21456,android.sensor.accelerometer,0.2681506,5.4204726,8.1881695
21506,android.sensor.accelerometer,0.39264908,5.45878,8.37013
21557,android.sensor.accelerometer,0.24899697,5.3821654,8.24563
21606,android.sensor.accelerometer,0.2873042,5.391742,8.379706
21656,android.sensor.accelerometer,0.35434186,5.363012,8.264784
21707,android.sensor.linear_acceleration,0.052899998,-0.107499994,-0.1865
21758,android.sensor.gyroscope_uncalibrated,-0.009773844,0.061086524,0.0061086523,0.010995574,0.04642576,-0.0012217305
21810,android.sensor.magnetic_field,-2.125,-28.3125,-10.9375
21866,android.sensor.accelerometer,0.30645782,5.3438582,8.264784
21916,android.sensor.accelerometer,0.2873042,5.4204726,8.255207
21966,android.sensor.accelerometer,0.33518824,5.3247046,8.303091
22016,android.sensor.accelerometer,0.40222588,5.3725886,8.293514
22066,android.sensor.accelerometer,0.37349546,5.3438582,8.274361
22116,android.sensor.geomagnetic_rotation_vector,0.002002,-0.281937,-0.956577,0.073932,0.0
22169,android.sensor.game_rotation_vector,0.282894,-0.020372,-1.1E-5,0.958934
22218,android.sensor.game_rotation_vector,0.282844,-0.020488,1.41E-4,0.958946
22270,android.sensor.gyroscope_uncalibrated,0.02321288,0.095294975,-0.004886922,0.010995574,0.04642576,-0.0012217305
22322,android.sensor.orientation,174.09999,-32.809998,2.08
22375,android.sensor.orientation,174.15,-32.73,2.1299999
22430,android.sensor.game_rotation_vector,0.282062,-0.019393,4.51E-4,0.959199
22481,android.sensor.orientation,174.15,-32.79,2.1399999
22531,android.sensor.orientation,174.19,-32.88,2.28
22582,android.sensor.orientation,174.09,-32.59,2.24
22636,android.sensor.accelerometer,0.11492168,5.2480903,8.2169
22686,android.sensor.accelerometer,0.46926352,5.401319,8.303091
22736,android.sensor.accelerometer,0.22026655,5.104438,7.422025
22786,android.sensor.accelerometer,0.4213795,5.2768207,8.408437
22836,android.sensor.geomagnetic_rotation_vector,0.004872,-0.279967,-0.958328,0.056577,0.0
22889,android.sensor.game_rotation_vector,0.280238,-0.015602,0.002836,0.959799
22941,android.sensor.orientation,173.72,-32.52,1.76
22990,android.sensor.gyroscope_uncalibrated,0.073303826,0.04153884,-0.007330383,0.010995574,0.04642576,-0.0012217305
23046,android.sensor.accelerometer,0.38307226,5.305551,8.437167
23096,android.sensor.accelerometer,0.23942018,5.401319,8.207323
23158,android.sensor.accelerometer,0.2777274,5.257667,8.389283
23209,android.sensor.game_rotation_vector,0.2812,-0.015831,0.002976,0.959513
23260,android.sensor.orientation,175.64,-32.66,1.74
23311,android.sensor.orientation,175.62999,-32.66,1.76
23366,android.sensor.accelerometer,0.23942018,5.3247046,8.236053
23417,android.sensor.geomagnetic_rotation_vector,0.004578,-0.281591,-0.956943,0.070317,0.0
23471,android.sensor.game_rotation_vector,0.281522,-0.015482,0.003506,0.959423
23521,android.sensor.gyroscope,-0.014660766,-0.0036651916,0.004886922
23573,android.sensor.orientation,175.53,-32.67,1.74
23626,android.sensor.accelerometer,0.32561144,5.305551,8.207323
23676,android.sensor.accelerometer,0.2873042,5.3438582,8.111555
23727,android.sensor.accelerometer,0.32561144,5.2768207,8.42759
23778,android.sensor.game_rotation_vector,0.28091,-0.015997,0.003399,0.959594
23830,android.sensor.gyroscope_uncalibrated,0.002443461,0.03176499,0.009773844,0.010995574,0.04642576,-0.0012217305
23883,android.sensor.orientation,175.61,-32.45,2.1299999
23936,android.sensor.accelerometer,0.5267244,6.1387334,9.385271
23987,android.sensor.accelerometer,0.35434186,4.2521024,6.0142345
24036,android.sensor.accelerometer,-0.095768064,5.717354,9.643845
24086,android.sensor.accelerometer,0.40222588,4.7022123,8.734048
24138,android.sensor.game_rotation_vector,0.270291,-0.020506,-0.018654,0.962379
24189,android.sensor.game_rotation_vector,0.275066,-0.016616,-0.018149,0.96111
24239,android.sensor.magnetic_field_uncalibrated,122.8125,136.6875,170.375,124.9375,159.9375,182.0
24291,android.sensor.gyroscope,0.16982053,0.1441642,0.012217305
24346,android.sensor.accelerometer,0.019153614,5.4300494,8.121132
24396,android.sensor.accelerometer,-0.095768064,5.5737014,8.0924015
24446,android.sensor.accelerometer,-0.08619126,5.592855,7.9391727
24496,android.sensor.accelerometer,-0.10534488,5.659893,8.063671
24546,android.sensor.accelerometer,-0.1436521,5.6407394,8.121132
24597,android.sensor.geomagnetic_rotation_vector,0.017783,-0.298679,-0.953481,0.036712,0.0
24647,android.sensor.rotation_vector,0.017999,-0.302476,-0.952523,0.029716,0.0
24698,android.sensor.game_rotation_vector,0.303964,0.006047,-0.008671,0.952624
24751,android.sensor.gyroscope,-0.017104227,0.0012217305,-0.012217305
24803,android.sensor.magnetic_field_uncalibrated,125.0,136.0,172.5625,124.9375,159.9375,182.0
24856,android.sensor.accelerometer,-0.1436521,5.66947,8.073248
24906,android.sensor.accelerometer,-0.25857377,5.6886234,8.082825
24961,android.sensor.game_rotation_vector,0.303931,0.012083,-0.007131,0.95259
25012,android.sensor.orientation,175.89,-35.45,-1.6899999
25064,android.sensor.orientation,175.81,-35.46,-1.77
25116,android.sensor.accelerometer,-0.24899697,5.6886234,7.920019
25169,android.sensor.game_rotation_vector,0.304691,0.014937,-0.005215,0.952319
25218,android.sensor.game_rotation_vector,0.303739,0.014545,-0.005266,0.95262897
25269,android.sensor.gyroscope_uncalibrated,0.0,0.043982297,0.0,0.010995574,0.04642576,-0.0012217305
25321,android.sensor.orientation,175.76999,-35.23,-1.6899999
25376,android.sensor.accelerometer,-0.25857377,5.650316,8.149862
25426,android.sensor.accelerometer,-0.23942018,5.6215854,8.1402855
25472,android.sensor.magnetic_field_uncalibrated,123.5625,133.0625,171.8125,124.9375,159.9375,182.0
25529,android.sensor.game_rotation_vector,0.299742,0.013482,-0.004121,0.953915
25582,android.sensor.gyroscope,-0.0061086523,0.012217305,0.0
25630,android.sensor.game_rotation_vector,0.299212,0.013377,-0.003951,0.954084
25686,android.sensor.accelerometer,-0.25857377,5.602432,8.101978
25736,android.sensor.accelerometer,-0.29688102,5.602432,8.121132
25786,android.sensor.accelerometer,-0.2873042,5.592855,8.082825
25836,android.sensor.accelerometer,-0.29688102,5.592855,8.101978
25889,android.sensor.magnetic_field_uncalibrated,127.9375,127.1875,169.625,124.9375,159.9375,182.0
25946,android.sensor.accelerometer,-0.2777274,5.583278,8.101978
25996,android.sensor.accelerometer,-0.25857377,5.5737014,8.178593
26046,android.sensor.accelerometer,-0.2873042,5.583278,8.111555
26096,android.sensor.accelerometer,-0.2873042,5.583278,8.111555
26146,android.sensor.accelerometer,-0.2873042,5.5737014,8.130709
26196,android.sensor.accelerometer,-0.2681506,5.592855,8.159439
26246,android.sensor.accelerometer,-0.2681506,5.583278,8.054094
26296,android.sensor.accelerometer,-0.2873042,5.5737014,8.24563
26347,android.sensor.gravity,-0.2847,5.5575,8.0748
26400,android.sensor.magnetic_field,-0.625,-25.4375,-8.75
26451,android.sensor.orientation,177.8,-34.52,-1.66
26506,android.sensor.accelerometer,-0.2681506,5.544971,8.0924015
26556,android.sensor.accelerometer,-0.18195933,5.592855,8.2169
26607,android.sensor.geomagnetic_rotation_vector,0.037495,-0.293943,-0.95181,0.079049,0.0
26658,android.sensor.game_rotation_vector,0.296641,0.0138799995,-0.003342,0.954882
26709,android.sensor.game_rotation_vector,0.296737,0.013708,-0.0033,0.954855
26760,android.sensor.orientation,177.8,-34.54,-1.53
26811,android.sensor.orientation,177.87999,-34.41,-1.43
26866,android.sensor.accelerometer,-0.25857377,5.5258174,7.9583263
26916,android.sensor.accelerometer,-0.22984336,5.592855,8.121132
26966,android.sensor.accelerometer,-0.2681506,5.506664,8.274361
27016,android.sensor.accelerometer,-0.22026655,5.5737014,8.063671
27066,android.sensor.accelerometer,-0.24899697,5.554548,8.169016
27118,android.sensor.game_rotation_vector,0.297111,0.013378,-0.00262,0.954745
27169,android.sensor.game_rotation_vector,0.297131,0.013265,-0.002468,0.954741
27221,android.sensor.orientation,177.73,-34.55,-1.48
27272,android.sensor.orientation,177.73999,-34.51,-1.4399999
27326,android.sensor.accelerometer,-0.22026655,5.5258174,8.1881695
27376,android.sensor.accelerometer,-0.22026655,5.5737014,8.111555
27426,android.sensor.accelerometer,-0.22984336,5.497087,8.236053
27476,android.sensor.accelerometer,-0.23942018,5.535394,8.149862
27527,android.sensor.geomagnetic_rotation_vector,0.02638,-0.293168,-0.95458,0.046171,0.0
27579,android.sensor.magnetic_field_uncalibrated,122.8125,136.0,173.25,124.9375,159.9375,182.0
27630,android.sensor.gyroscope,0.0036651916,0.002443461,-0.0012217305
27686,android.sensor.accelerometer,-0.22984336,5.5162406,8.1402855
27736,android.sensor.accelerometer,-0.24899697,5.554548,8.073248
27787,android.sensor.accelerometer,-0.19153613,5.554548,8.2169
27837,android.sensor.accelerometer,-0.18195933,5.48751,8.37013
27887,android.sensor.geomagnetic_rotation_vector,0.0248,-0.289065,-0.955592,0.051659,0.0
27938,android.sensor.game_rotation_vector,0.292571,0.008978,-0.001579,0.9562
27989,android.sensor.game_rotation_vector,0.292216,0.008942,-0.00155,0.956309
28040,android.sensor.orientation,177.84999,-33.92,-0.91999996
28092,android.sensor.orientation,177.83,-33.91,-0.94
28146,android.sensor.accelerometer,-0.19153613,5.506664,8.111555
28197,android.sensor.accelerometer,-0.20111294,5.4300494,8.303091
28247,android.sensor.linear_acceleration,4.0E-4,-0.014699999,-0.0122
28298,android.sensor.game_rotation_vector,0.291573,0.009002,-0.001525,0.956504
28349,android.sensor.game_rotation_vector,0.291336,0.008958,-0.001509,0.956577
28401,android.sensor.orientation,177.76999,-33.98,-0.97999996
28454,android.sensor.orientation,177.76,-33.989998,-0.98999995
28506,android.sensor.accelerometer,-0.1436521,5.4779334,8.264784
28557,android.sensor.rotation_vector,0.014191,-0.292267,-0.956093,0.016252,0.0
28609,android.sensor.game_rotation_vector,0.291241,0.008987,-0.001508,0.956606
28659,android.sensor.magnetic_field_uncalibrated,122.0625,136.0,172.5625,124.9375,159.9375,182.0
28711,android.sensor.orientation,177.67,-34.04,-1.0799999
28767,android.sensor.accelerometer,-0.16280572,5.497087,8.312668
28816,android.sensor.accelerometer,-0.22984336,5.353435,8.331821
28866,android.sensor.accelerometer,-0.1340753,5.554548,7.97748
28916,android.sensor.accelerometer,-0.21068975,5.4779334,8.197746
28966,android.sensor.accelerometer,-0.18195933,5.449203,8.24563
29016,android.sensor.accelerometer,-0.047884032,5.48751,8.0924015
29067,android.sensor.gravity,-0.18349999,5.4831,8.1284
29127,android.sensor.accelerometer,-0.19153613,5.506664,8.169016
29176,android.sensor.accelerometer,-0.16280572,5.4683566,8.1881695
29226,android.sensor.accelerometer,-0.20111294,5.5258174,8.121132
29277,android.sensor.accelerometer,-0.19153613,5.4683566,8.274361
29329,android.sensor.game_rotation_vector,0.293594,0.010509,-3.99E-4,0.955872
29378,android.sensor.gyroscope,0.019547688,0.029321533,0.008552114
-29431,sound,39.824521513849895
29486,android.sensor.accelerometer,-0.24899697,5.4779334,8.063671
29536,android.sensor.accelerometer,-0.32561144,5.544971,8.00621
29586,android.sensor.accelerometer,-0.25857377,5.5162406,8.073248
29636,android.sensor.accelerometer,-0.25857377,5.497087,8.264784
29686,android.sensor.accelerometer,-0.24899697,5.439626,8.236053
29739,android.sensor.accelerometer,-0.16280572,5.554548,7.249643
29790,android.sensor.gyroscope,-0.48624873,-1.428203,0.13316862
29840,android.sensor.orientation,181.54,-32.13,6.87
29892,android.sensor.orientation,183.98999,-32.14,12.36
29946,android.sensor.accelerometer,2.767697,5.2768207,8.781932
29996,android.sensor.accelerometer,3.8115692,5.2289367,8.130709
30046,android.sensor.accelerometer,2.882619,5.66947,6.655881
30096,android.sensor.accelerometer,3.821146,5.410896,6.483498
30147,android.sensor.geomagnetic_rotation_vector,-0.273997,-0.315847,-0.908383,0.002214,0.0
30198,android.sensor.game_rotation_vector,0.288878,-0.199392,0.007529,0.936341
30249,android.sensor.game_rotation_vector,0.270762,-0.186293,0.016953,0.944295
30299,android.sensor.geomagnetic_rotation_vector,-0.160003,-0.258328,-0.951747,0.042926,0.0
30350,android.sensor.orientation,179.69,-30.96,15.589999
30406,android.sensor.accelerometer,1.6567876,5.2002063,7.5944076
30456,android.sensor.accelerometer,1.6089035,5.257667,7.785944
30506,android.sensor.accelerometer,1.1587936,5.056554,7.929596
30556,android.sensor.accelerometer,0.50757074,4.76925,8.599973
30606,android.sensor.accelerometer,0.45968673,4.8362875,8.571242
30656,android.sensor.accelerometer,0.8523358,5.0661306,8.42759
30706,android.sensor.accelerometer,0.81402856,5.085284,8.37013
30757,android.sensor.linear_acceleration,0.0021,-0.009099999,0.0298
30809,android.sensor.game_rotation_vector,0.274258,-0.029631,0.026952,0.960821
30858,android.sensor.gyroscope_uncalibrated,0.105068825,-0.0061086523,-0.007330383,0.010995574,0.04642576,-0.0012217305
30909,android.sensor.game_rotation_vector,0.278686,-0.032037,0.026537,0.95948
30961,android.sensor.orientation,177.06999,-32.51,4.5699997
31016,android.sensor.accelerometer,0.9864111,5.3725886,8.331821
31066,android.sensor.accelerometer,0.8810662,5.257667,8.226477
31116,android.sensor.accelerometer,0.8714894,5.3438582,8.207323
31166,android.sensor.accelerometer,0.8619126,5.3438582,8.255207
31216,android.sensor.accelerometer,0.81402856,5.3438582,8.312668
31267,android.sensor.rotation_vector,-0.028256,-0.287187,-0.956431,0.044322,0.0
31318,android.sensor.game_rotation_vector,0.286944,-0.022906,0.029808,0.957209
31371,android.sensor.magnetic_field,-2.125,-24.6875,-10.9375
31426,android.sensor.accelerometer,0.08619126,5.602432,7.872135
31478,android.sensor.rotation_vector,0.015139,-0.289421,-0.955684,0.051712,0.0
31531,android.sensor.game_rotation_vector,0.284809,0.012535,0.035856,0.957831
31586,android.sensor.accelerometer,0.0,5.133168,8.379706
31636,android.sensor.accelerometer,-0.06703765,5.3821654,8.178593
31686,android.sensor.accelerometer,0.2777274,4.912902,8.322245
31736,android.sensor.accelerometer,-0.21068975,5.046977,8.178593
31786,android.sensor.accelerometer,0.08619126,4.9224787,8.130709
31837,android.sensor.linear_acceleration,-0.086799994,-0.116,-0.0143
31889,android.sensor.game_rotation_vector,0.27661,-0.057565,0.030691,0.958765
31938,android.sensor.magnetic_field,-7.25,-23.9375,-13.8125
31992,android.sensor.orientation,178.34,-33.59,11.69
32046,android.sensor.accelerometer,2.0973208,5.3438582,7.7189064
32097,android.sensor.accelerometer,2.0590134,5.449203,8.676587
32149,android.sensor.accelerometer,2.1547816,5.315128,8.00621
32198,android.sensor.game_rotation_vector,0.290356,-0.105954,0.026016999,0.950678
32256,android.sensor.accelerometer,1.8579005,5.410896,7.97748
32306,android.sensor.accelerometer,1.8195933,5.2959743,8.082825
32356,android.sensor.accelerometer,1.7812861,5.391742,8.111555
32406,android.sensor.accelerometer,1.6472107,5.353435,7.920019
32456,android.sensor.geomagnetic_rotation_vector,0.091823,0.287833,0.953264,0.002685,0.0
32508,android.sensor.game_rotation_vector,0.292235,-0.079223,0.032332,0.95251
32558,android.sensor.game_rotation_vector,0.29294,-0.074798,0.033684,0.952604
32609,android.sensor.gyroscope,0.039095376,0.2321288,-0.0061086523
32660,android.sensor.orientation,175.28,-34.16,8.01
32710,android.sensor.orientation,174.79,-34.07,7.24
32766,android.sensor.accelerometer,0.8810662,5.4204726,8.197746
32816,android.sensor.accelerometer,0.79487497,5.45878,8.082825
32866,android.sensor.accelerometer,0.5650316,5.3821654,8.121132
32916,android.sensor.accelerometer,0.46926352,5.3247046,8.322245
32966,android.sensor.accelerometer,0.36391866,5.315128,8.2169
33016,android.sensor.accelerometer,0.4309563,5.4204726,8.149862
33066,android.sensor.accelerometer,0.45968673,5.3342814,8.255207
33116,android.sensor.accelerometer,0.49799395,5.401319,8.24563
33166,android.sensor.accelerometer,0.34476504,5.363012,8.350976
33216,android.sensor.geomagnetic_rotation_vector,0.020427,-0.281027,-0.948377,0.145556,0.0
33267,android.sensor.rotation_vector,-9.45E-4,-0.286037,-0.955467,0.072552,0.0
33318,android.sensor.game_rotation_vector,0.286716,-0.010613,0.04404,0.956943
33369,android.sensor.game_rotation_vector,0.286392,-0.012054,0.043855,0.957032
33420,android.sensor.orientation,172.3,-33.0,2.96
33470,android.sensor.gyroscope_uncalibrated,0.014660766,0.07696902,0.0036651916,0.010995574,0.04642576,-0.0012217305
33520,android.sensor.magnetic_field_uncalibrated,119.1875,136.0,171.0625,124.9375,159.9375,182.0
33571,android.sensor.orientation,172.34,-32.92,3.09
33626,android.sensor.accelerometer,0.50757074,5.3247046,8.24563
33676,android.sensor.accelerometer,0.5746084,5.3821654,8.303091
33726,android.sensor.accelerometer,0.49799395,5.267244,8.255207
33776,android.sensor.accelerometer,0.5363012,5.353435,8.341399
33826,android.sensor.accelerometer,0.5363012,5.2959743,8.360553
33876,android.sensor.accelerometer,0.5554548,5.315128,8.379706
33926,android.sensor.accelerometer,0.5363012,5.305551,8.264784
33976,android.sensor.geomagnetic_rotation_vector,0.00873,-0.284057,-0.950072,0.128829,0.0
34029,android.sensor.game_rotation_vector,0.28288,-0.015432,0.043171,0.958058
34079,android.sensor.gyroscope,0.008552114,0.02076942,-0.002443461
34134,android.sensor.orientation,172.37999,-32.59,3.09
34187,android.sensor.accelerometer,0.5650316,5.2385135,8.389283
34242,android.sensor.accelerometer,0.5650316,5.267244,8.226477
34289,android.sensor.game_rotation_vector,0.281732,-0.0156,0.043167,0.958394
34341,android.sensor.orientation,172.41,-32.36,3.1299999
34394,android.sensor.orientation,172.41,-32.37,3.12
34446,android.sensor.accelerometer,0.48841715,5.209783,8.437167
34497,android.sensor.accelerometer,0.5363012,5.2289367,8.350976
34547,android.sensor.rotation_vector,-0.00695,-0.279788,-0.957373,0.071456,0.0
34598,android.sensor.gyroscope,-0.013439035,-0.008552114,0.0
34649,android.sensor.game_rotation_vector,0.27971599,-0.015696,0.043167,0.958983
34700,android.sensor.orientation,172.17,-32.45,2.86
34751,android.sensor.orientation,172.19,-32.52,2.9299998
34808,android.sensor.accelerometer,0.58418524,5.2385135,8.39886
34857,android.sensor.geomagnetic_rotation_vector,0.011866,-0.268729,-0.957271,0.106185,0.0
34909,android.sensor.game_rotation_vector,0.276842,-0.016333,0.043988,0.959768
34959,android.sensor.magnetic_field_uncalibrated,119.1875,136.6875,171.8125,124.9375,159.9375,182.0
35011,android.sensor.gyroscope,-0.07574729,0.081855945,-0.021991149
35066,android.sensor.accelerometer,0.5650316,5.2959743,7.97748
35116,android.sensor.accelerometer,0.5746084,5.209783,8.350976
35167,android.sensor.accelerometer,0.641646,5.2385135,8.39886
35216,android.sensor.accelerometer,0.60333884,5.209783,8.24563
35266,android.sensor.accelerometer,0.48841715,5.2768207,8.159439
35317,android.sensor.geomagnetic_rotation_vector,0.009916,-0.276907,-0.950002,0.143938,0.0
35369,android.sensor.game_rotation_vector,0.277709,-0.021558,0.046941,0.959275
35419,android.sensor.magnetic_field_uncalibrated,119.1875,136.0,170.375,124.9375,159.9375,182.0
35471,android.sensor.orientation,171.83,-32.3,3.61
35523,android.sensor.orientation,171.87,-32.25,3.6499999
35575,android.sensor.orientation,171.83,-32.25,3.56
35627,android.sensor.rotation_vector,-0.00887,-0.280502,-0.95671797,0.077003,0.0
35680,android.sensor.game_rotation_vector,0.280896,-0.017545,0.047457,0.958403
35730,android.sensor.magnetic_field_uncalibrated,118.4375,134.5,171.8125,124.9375,159.9375,182.0
35786,android.sensor.accelerometer,0.51714754,5.2768207,8.149862
35836,android.sensor.accelerometer,0.62249243,5.363012,8.283937
35886,android.sensor.accelerometer,0.5363012,5.2863975,8.360553
35936,android.sensor.accelerometer,0.5363012,5.305551,8.264784
35990,android.sensor.game_rotation_vector,0.283677,-0.015887,0.047022,0.957634
36041,android.sensor.orientation,171.75,-32.77,3.27
36091,android.sensor.magnetic_field,-4.3125,-25.4375,-10.1875
36146,android.sensor.accelerometer,0.5746084,5.2480903,8.485051
36198,android.sensor.accelerometer,0.5363012,5.3247046,8.1402855
36246,android.sensor.accelerometer,0.58418524,5.315128,8.1402855
36296,android.sensor.accelerometer,0.6512229,5.2480903,8.523358
36346,android.sensor.gravity,0.5898,5.2887,8.2372
36399,android.sensor.game_rotation_vector,0.283689,-0.017827,0.047465,0.957574
36450,android.sensor.gyroscope_uncalibrated,-0.007330383,0.034208454,0.0036651916,0.010995574,0.04642576,-0.0012217305
36506,android.sensor.accelerometer,0.641646,5.2959743,8.207323
36556,android.sensor.accelerometer,0.6607997,5.257667,8.264784
36606,android.sensor.accelerometer,0.63206923,5.2480903,8.322245
36656,android.sensor.accelerometer,0.62249243,5.1906295,8.293514
36706,android.sensor.accelerometer,0.60333884,5.2385135,8.350976
36757,android.sensor.geomagnetic_rotation_vector,0.001895,-0.275908,-0.953116,0.124256,0.0
36809,android.sensor.game_rotation_vector,0.280333,-0.020216,0.047238,0.958526
36858,android.sensor.game_rotation_vector,0.280503,-0.020211,0.047206,0.958478
36912,android.sensor.game_rotation_vector,0.279699,-0.020049,0.046941,0.95872897
36966,android.sensor.accelerometer,0.7278373,5.21936,8.350976
37016,android.sensor.accelerometer,0.59376204,5.1906295,8.293514
37066,android.sensor.accelerometer,0.5554548,5.209783,8.322245
37116,android.sensor.accelerometer,0.61291564,5.1906295,8.331821
37167,android.sensor.accelerometer,0.61291564,5.209783,8.331821
37218,android.sensor.game_rotation_vector,0.278975,-0.019802,0.046203,0.958981
37269,android.sensor.game_rotation_vector,0.278751,-0.019912,0.046042,0.959052
37320,android.sensor.orientation,171.16,-32.2,3.6299999
37371,android.sensor.orientation,171.14,-32.21,3.62
37426,android.sensor.accelerometer,0.61291564,5.1810527,8.437167
37476,android.sensor.accelerometer,0.641646,5.2002063,8.494628
37526,android.sensor.accelerometer,0.59376204,5.209783,8.082825
37576,android.sensor.accelerometer,0.5746084,5.2768207,8.360553
37626,android.sensor.accelerometer,0.58418524,5.2480903,8.274361
37678,android.sensor.game_rotation_vector,0.281279,-0.015626,0.047265,0.958333
37729,android.sensor.game_rotation_vector,0.281539,-0.015077,0.047309,0.958264
37782,android.sensor.geomagnetic_rotation_vector,-0.005633,-0.280348,-0.956559,0.079793,0.0
37836,android.sensor.accelerometer,0.545878,5.267244,8.341399
37886,android.sensor.accelerometer,0.545878,5.2863975,8.341399
37936,android.sensor.accelerometer,0.5554548,5.2385135,8.24563
37986,android.sensor.accelerometer,0.545878,5.267244,8.37013
38037,android.sensor.accelerometer,0.5267244,5.2289367,8.293514
38090,android.sensor.game_rotation_vector,0.281045,-0.014965,0.047679,0.958392
38143,android.sensor.orientation,171.5,-32.45,3.24
38196,android.sensor.accelerometer,0.5746084,5.209783,8.456321
38246,android.sensor.accelerometer,0.51714754,5.2959743,8.207323
38297,android.sensor.accelerometer,0.5363012,5.2385135,8.2169
38347,android.sensor.accelerometer,0.5363012,5.2768207,8.303091
38402,android.sensor.orientation,171.48999,-32.52,3.1599998
38457,android.sensor.accelerometer,0.51714754,5.2863975,8.1881695
38506,android.sensor.accelerometer,0.545878,5.267244,8.408437
38557,android.sensor.accelerometer,0.5650316,5.2385135,8.207323
38607,android.sensor.geomagnetic_rotation_vector,0.0025219999,-0.280173,-0.953759,0.108811,0.0
38659,android.sensor.magnetic_field_uncalibrated,119.1875,136.0,168.1875,124.9375,159.9375,182.0
38710,android.sensor.magnetic_field,-5.0625,-24.6875,-11.625
38766,android.sensor.accelerometer,0.5650316,5.267244,8.207323
38816,android.sensor.accelerometer,0.6703765,5.21936,8.542512
38866,android.sensor.accelerometer,0.59376204,5.2768207,8.130709
38911,android.sensor.magnetic_field_uncalibrated,119.875,134.5,171.0625,124.9375,159.9375,182.0
38966,android.sensor.accelerometer,0.58418524,5.2480903,8.303091
39016,android.sensor.geomagnetic_rotation_vector,0.001818,-0.279556,-0.954015,0.10816,0.0
39067,android.sensor.rotation_vector,-0.006666,-0.280449,-0.956067,0.085083,0.0
39118,android.sensor.game_rotation_vector,0.280181,-0.015305,0.048632,0.958592
39171,android.sensor.magnetic_field_uncalibrated,119.1875,135.25,169.625,124.9375,159.9375,182.0
39226,android.sensor.accelerometer,0.50757074,5.1523223,7.929596
39276,android.sensor.accelerometer,0.41180268,5.2863975,8.389283
39326,android.sensor.accelerometer,0.5554548,5.1140146,8.437167
39376,android.sensor.accelerometer,0.5650316,5.2385135,8.360553
39426,android.sensor.accelerometer,0.48841715,5.1906295,8.331821
39476,android.sensor.accelerometer,0.5746084,5.1810527,8.379706
39526,android.sensor.accelerometer,0.5554548,5.209783,8.350976
39578,android.sensor.accelerometer,0.37349546,5.1235914,8.331821
39629,android.sensor.gravity,0.4272,5.2046,8.3005
39678,android.sensor.game_rotation_vector,0.277795,-0.0109129995,0.050836,0.959232
39729,android.sensor.game_rotation_vector,0.277598,-0.010838,0.050868,0.959288
39779,android.sensor.magnetic_field_uncalibrated,122.8125,130.875,168.1875,124.9375,159.9375,182.0
39831,android.sensor.game_rotation_vector,0.278259,-0.011982,0.051142998,0.959068
39881,android.sensor.accelerometer,0.2873042,5.0278234,9.155427
39936,android.sensor.accelerometer,0.35434186,5.056554,8.350976
39986,android.sensor.accelerometer,0.39264908,5.21936,8.0445175
40036,android.sensor.accelerometer,0.2777274,5.1235914,8.513782
40086,android.sensor.accelerometer,0.35434186,5.046977,8.580819
40136,android.sensor.accelerometer,0.2873042,5.1235914,8.350976
40186,android.sensor.accelerometer,0.38307226,5.1235914,8.475474
40236,android.sensor.accelerometer,0.33518824,5.094861,8.485051
40286,android.sensor.accelerometer,0.37349546,5.0661306,8.571242
40336,android.sensor.geomagnetic_rotation_vector,0.002985,-0.267647,-0.960084,0.081197,0.0
40389,android.sensor.game_rotation_vector,0.273225,-0.004604,0.045112,0.96088
40438,android.sensor.game_rotation_vector,0.273461,-0.00598,0.044476,0.960835
40489,android.sensor.game_rotation_vector,0.271085,-0.010671,0.043167,0.961527
40540,android.sensor.orientation,175.76999,-31.64,2.4299998
40591,android.sensor.orientation,175.66,-31.929998,2.34
40646,android.sensor.accelerometer,0.4213795,5.171476,8.475474
40696,android.sensor.accelerometer,0.45968673,5.142745,8.283937
40746,android.sensor.accelerometer,0.5650316,5.1810527,8.714894
40796,android.sensor.accelerometer,0.49799395,5.0757074,8.485051
40846,android.sensor.accelerometer,0.19153613,5.104438,8.178593
40896,android.sensor.accelerometer,0.58418524,5.133168,8.580819
40946,android.sensor.accelerometer,0.5554548,5.21936,8.24563
40996,android.sensor.gravity,0.5803,5.094,8.3596
41047,android.sensor.rotation_vector,-0.017428,-0.269733,-0.961249,0.054215,0.0
41098,android.sensor.game_rotation_vector,0.271582,-0.016902,0.04645,0.961144
41149,android.sensor.gyroscope,-0.05375614,-0.032986723,0.008552114
41200,android.sensor.orientation,173.81999,-31.06,3.6899998
41249,android.sensor.magnetic_field,-3.5625,-26.875,-12.375
41306,android.sensor.accelerometer,0.59376204,5.046977,8.504205
41356,android.sensor.accelerometer,0.5746084,5.094861,8.389283
41406,android.sensor.accelerometer,0.59376204,5.085284,8.408437
41456,android.sensor.accelerometer,0.6799533,5.0757074,8.485051
41506,android.sensor.accelerometer,0.545878,5.1140146,8.39886
41556,android.sensor.accelerometer,0.5650316,5.0661306,8.513782
41606,android.sensor.accelerometer,0.5650316,5.094861,8.389283
41656,android.sensor.accelerometer,0.50757074,5.056554,8.446744
41707,android.sensor.geomagnetic_rotation_vector,0.002804,-0.267494,-0.958594,0.09765,0.0
41756,android.sensor.geomagnetic_rotation_vector,0.008203,-0.265279,-0.954773,0.134041,0.0
41809,android.sensor.game_rotation_vector,0.266343,-0.019404,0.048601,0.962456
41860,android.sensor.orientation,174.09,-31.349998,4.22
41911,android.sensor.orientation,173.98,-32.309998,3.87
41966,android.sensor.accelerometer,0.92895025,5.046977,8.389283
42016,android.sensor.accelerometer,0.58418524,5.1906295,8.619126
42066,android.sensor.accelerometer,0.5650316,5.267244,8.513782
42116,android.sensor.accelerometer,0.6703765,5.3247046,8.264784
42166,android.sensor.accelerometer,0.8523358,5.3342814,8.226477
42216,android.sensor.accelerometer,0.7278373,5.2768207,8.293514
42266,android.sensor.accelerometer,0.7565677,5.4204726,8.293514
42316,android.sensor.accelerometer,0.641646,5.391742,8.101978
42367,android.sensor.rotation_vector,-0.021029,-0.292515,-0.954211,0.058925,0.0
42418,android.sensor.game_rotation_vector,0.293521,-0.024321,0.046877,0.954492
42468,android.sensor.game_rotation_vector,0.294256,-0.022734,0.04738,0.95428
42520,android.sensor.gyroscope,-0.036651913,0.035430185,0.015882496
42620,android.sensor.orientation,174.29,-33.739998,3.46
42671,android.sensor.orientation,174.19,-33.52,3.34
42726,android.sensor.accelerometer,0.5650316,5.353435,8.24563
42776,android.sensor.accelerometer,0.60333884,5.4300494,8.283937
42826,android.sensor.accelerometer,0.60333884,5.305551,8.197746
42876,android.sensor.accelerometer,0.6991069,5.315128,8.379706
42926,android.sensor.accelerometer,0.6799533,5.1906295,8.207323
42976,android.sensor.accelerometer,0.7565677,5.1906295,8.1881695
43026,android.sensor.accelerometer,1.1683705,5.3438582,8.465898
43077,android.sensor.geomagnetic_rotation_vector,-0.009654,-0.268107,-0.95615,0.117478,0.0
43129,android.sensor.game_rotation_vector,0.25706,-0.02154,0.041545,0.965261
43179,android.sensor.gyroscope,-0.10262536,-0.14660765,-0.16982053
43230,android.sensor.gyroscope_uncalibrated,-0.12705997,-0.034208454,-0.13927728,0.010995574,0.04642576,-0.0012217305
43287,android.sensor.accelerometer,0.6895301,4.711789,8.839393
43335,android.sensor.orientation,176.62,-28.82,3.29
43389,android.sensor.accelerometer,0.45010993,4.7884035,8.7053175
43439,android.sensor.gyroscope,0.014660766,0.080634214,-0.040317107
43490,android.sensor.gyroscope,0.062308256,0.057421334,-0.009773844
43543,android.sensor.orientation,176.45,-29.39,2.46
43599,android.sensor.game_rotation_vector,0.255234,-0.015417,0.026482,0.966393
43651,android.sensor.orientation,176.03,-29.49,2.56
43706,android.sensor.accelerometer,0.4213795,4.8458643,8.475474
43756,android.sensor.accelerometer,0.46926352,4.8458643,8.532935
43806,android.sensor.accelerometer,0.4309563,4.8458643,8.695741
43856,android.sensor.accelerometer,0.41180268,4.7979803,8.599973
43906,android.sensor.accelerometer,0.45010993,4.8458643,8.475474
43956,android.sensor.accelerometer,0.50757074,4.8745947,8.743625
44009,android.sensor.game_rotation_vector,0.255381,-0.016613,0.028314,0.966282
44058,android.sensor.game_rotation_vector,0.25529,-0.016005,0.028682,0.966306
44111,android.sensor.orientation,174.79,-29.179998,2.82
44166,android.sensor.accelerometer,0.45010993,4.759673,8.7532015
44212,android.sensor.orientation,174.55,-28.72,2.74
44266,android.sensor.accelerometer,0.41180268,4.7405195,8.695741
44317,android.sensor.accelerometer,0.38307226,4.6926355,8.580819
44367,android.sensor.gravity,0.4091,4.6934,8.6008
44418,android.sensor.game_rotation_vector,0.24833299,-0.014112,0.029242,0.96813
44469,android.sensor.game_rotation_vector,0.248204,-0.013991,0.029229,0.968165
44521,android.sensor.gyroscope,0.004886922,0.02565634,-0.0036651916
44576,android.sensor.accelerometer,0.35434186,4.7405195,8.571242
44626,android.sensor.accelerometer,0.35434186,4.7022123,8.743625
44676,android.sensor.accelerometer,0.34476504,4.663905,8.695741
44726,android.sensor.accelerometer,0.36391866,4.721366,8.772355
44776,android.sensor.accelerometer,0.35434186,4.6926355,8.619126
44829,android.sensor.geomagnetic_rotation_vector,0.004155,-0.245123,-0.965016,0.092955,0.0
44878,android.sensor.game_rotation_vector,0.247137,-0.012938,0.029093,0.968457
44931,android.sensor.game_rotation_vector,0.247101,-0.012866,0.029082,0.968467
44986,android.sensor.accelerometer,0.4405331,4.7309427,8.724471
45036,android.sensor.accelerometer,0.2681506,4.644751,8.619126
45086,android.sensor.accelerometer,0.45968673,4.7309427,8.820239
45136,android.sensor.accelerometer,0.30645782,4.817134,8.848969
45186,android.sensor.accelerometer,0.40222588,4.6255975,8.24563
45244,android.sensor.game_rotation_vector,0.249848,-0.011949,0.029099,0.967773
45290,android.sensor.game_rotation_vector,0.24874,-0.011355,0.029466,0.968055
45340,android.sensor.orientation,172.76,-28.66,1.9799999
45391,android.sensor.orientation,172.73,-28.58,1.9499999
45446,android.sensor.accelerometer,0.31603462,4.6255975,8.801085
45496,android.sensor.accelerometer,0.22984336,4.654328,8.571242
45547,android.sensor.accelerometer,0.25857377,4.6351743,8.523358
45596,android.sensor.accelerometer,0.30645782,4.596867,9.050082
45646,android.sensor.accelerometer,0.40222588,4.721366,8.331821
45696,android.sensor.accelerometer,0.21068975,4.663905,8.686164
45749,android.sensor.game_rotation_vector,0.246666,-0.005538,0.035634,0.96842897
45799,android.sensor.game_rotation_vector,0.246558,-0.004139,0.036275,0.968439
45851,android.sensor.game_rotation_vector,0.246541,-0.004033,0.036428,0.968439
45906,android.sensor.accelerometer,0.22026655,4.6830587,8.7532015
45956,android.sensor.accelerometer,0.24899697,4.673482,8.724471
46006,android.sensor.accelerometer,0.1436521,4.960786,9.3661175
46056,android.sensor.accelerometer,0.21068975,4.7309427,8.149862
46106,android.sensor.accelerometer,0.25857377,4.8458643,8.446744
46164,android.sensor.geomagnetic_rotation_vector,-0.009669,-0.250363,-0.968067,0.008349,0.0
46207,android.sensor.rotation_vector,0.011638,-0.250782,-0.964885,0.077262,0.0
46263,android.sensor.accelerometer,0.21068975,4.8458643,8.552089
46313,android.sensor.gyroscope,-0.0061086523,0.04886922,-0.007330383
46366,android.sensor.accelerometer,0.11492168,4.807557,8.820239
46416,android.sensor.accelerometer,0.076614454,4.807557,8.532935
46466,android.sensor.accelerometer,0.095768064,4.7309427,8.743625
46516,android.sensor.accelerometer,0.29688102,4.759673,8.6574335
46566,android.sensor.accelerometer,0.20111294,4.807557,8.475474
46616,android.sensor.geomagnetic_rotation_vector,-0.001673,-0.250745,-0.966748,0.050221,0.0
46668,android.sensor.game_rotation_vector,0.256498,-0.005062,0.037567,0.965801
46718,android.sensor.game_rotation_vector,0.257131,-0.00618,0.037169,0.965641
46769,android.sensor.game_rotation_vector,0.257938,-0.006623,0.037127,0.965425
46820,android.sensor.orientation,174.23,-29.769999,1.4
46871,android.sensor.gyroscope,0.25411993,-0.032986723,0.004886922
46920,android.sensor.orientation,174.67,-30.519999,1.39
46971,android.sensor.orientation,174.66,-30.22,1.17
47021,android.sensor.orientation,174.78,-30.21,1.11
47077,android.sensor.accelerometer,0.2681506,4.855441,8.63828
47126,android.sensor.accelerometer,0.29688102,4.9799395,8.599973
47176,android.sensor.accelerometer,0.22984336,4.8745947,8.619126
47226,android.sensor.accelerometer,0.18195933,4.912902,8.504205
47276,android.sensor.accelerometer,0.22026655,4.855441,8.628703
47326,android.sensor.accelerometer,0.22984336,4.9224787,8.63828
47376,android.sensor.accelerometer,0.22984336,4.903325,8.628703
47426,android.sensor.accelerometer,0.23942018,4.903325,8.561666
47476,android.sensor.geomagnetic_rotation_vector,0.005521,-0.257507,-0.96396,0.066623,0.0
47527,android.sensor.rotation_vector,0.002886,-0.257901,-0.965074,0.045932,0.0
47578,android.sensor.game_rotation_vector,0.257802,-0.002251,0.036844,0.965492
47629,android.sensor.game_rotation_vector,0.256535,-0.003021,0.036769,0.96582997
47680,android.sensor.orientation,174.92,-29.56,1.28
47736,android.sensor.accelerometer,0.32561144,4.8362875,8.791509
47791,android.sensor.accelerometer,0.2873042,4.8267107,8.504205
47836,android.sensor.accelerometer,0.24899697,5.0182467,8.418014
47886,android.sensor.accelerometer,0.30645782,4.9320555,8.513782
47936,android.sensor.accelerometer,0.33518824,4.8937483,8.7532015
47986,android.sensor.geomagnetic_rotation_vector,-0.001898,-0.261486,-0.963727,0.05339,0.0
48038,android.sensor.game_rotation_vector,0.266978,-0.005058,0.037295,0.962967
48089,android.sensor.game_rotation_vector,0.267657,-0.0056249998,0.037047,0.962785
48138,android.sensor.game_rotation_vector,0.267925,-0.004343,0.037309,0.962707
48198,android.sensor.accelerometer,0.22026655,5.1235914,8.647857
48247,android.sensor.accelerometer,0.15322891,5.161899,8.561666
48297,android.sensor.accelerometer,0.1436521,5.2289367,8.054094
48346,android.sensor.accelerometer,0.10534488,5.3342814,8.226477
48396,android.sensor.accelerometer,0.05746084,5.2385135,8.446744
48450,android.sensor.game_rotation_vector,0.279053,0.0062679998,0.039770998,0.959431
48500,android.sensor.orientation,174.28,-32.29,0.55
48556,android.sensor.accelerometer,0.10534488,5.2002063,8.456321
48609,android.sensor.accelerometer,0.11492168,5.21936,8.542512
48657,android.sensor.accelerometer,0.15322891,5.1523223,8.494628
48706,android.sensor.accelerometer,0.08619126,5.2002063,8.37013
48756,android.sensor.accelerometer,0.1436521,5.171476,8.39886
48806,android.sensor.accelerometer,0.12449849,5.209783,8.264784
48856,android.sensor.accelerometer,0.1436521,5.161899,8.599973
48907,android.sensor.accelerometer,0.18195933,5.0757074,8.552089
48957,android.sensor.accelerometer,0.1340753,5.085284,8.456321
49011,android.sensor.game_rotation_vector,0.268337,0.002448,0.03788,0.962576
49059,android.sensor.gyroscope_uncalibrated,0.010995574,0.06719518,-0.008552114,0.010995574,0.04642576,-0.0012217305
49110,android.sensor.game_rotation_vector,0.268075,0.002855,0.037766,0.962653
49166,android.sensor.accelerometer,0.1340753,5.104438,8.676587
49216,android.sensor.accelerometer,0.10534488,5.046977,8.322245
49266,android.sensor.accelerometer,0.19153613,5.1235914,8.6095495
49316,android.sensor.accelerometer,0.1340753,5.094861,8.379706
49366,android.sensor.accelerometer,0.15322891,5.104438,8.561666
49429,android.sensor.game_rotation_vector,0.268852,0.003513,0.037621,0.96244
49478,android.sensor.game_rotation_vector,0.270052,0.004077,0.037501,0.962106
49531,android.sensor.orientation,174.18,-31.23,0.72999996
49582,android.sensor.orientation,174.15,-31.269999,0.7
49636,android.sensor.accelerometer,0.11492168,5.133168,8.475474
49686,android.sensor.accelerometer,0.1340753,5.1140146,8.379706
49736,android.sensor.accelerometer,0.076614454,5.1235914,8.590396
49787,android.sensor.rotation_vector,0.00855,-0.270267,-0.96139,0.0511,0.0
49838,android.sensor.game_rotation_vector,0.271967,0.005232,0.038126,0.961536
49889,android.sensor.game_rotation_vector,0.27175,0.005383,0.038405,0.961586
49941,android.sensor.orientation,174.04,-31.41,0.59999996
49997,android.sensor.accelerometer,0.076614454,5.1906295,8.437167
50048,android.sensor.accelerometer,0.05746084,5.1523223,8.465898
50098,android.sensor.game_rotation_vector,0.275397,0.006736,0.038792,0.960523
50149,android.sensor.game_rotation_vector,0.276085,0.006936,0.038997,0.960316
50200,android.sensor.orientation,173.98999,-31.73,0.51
50256,android.sensor.accelerometer,0.095768064,5.1810527,8.456321
50306,android.sensor.accelerometer,0.095768064,5.2289367,8.408437
50357,android.sensor.accelerometer,0.32561144,5.267244,8.619126
50406,android.sensor.accelerometer,0.11492168,5.2002063,8.561666
50456,android.sensor.accelerometer,0.038307227,5.363012,7.6614456
50507,android.sensor.geomagnetic_rotation_vector,0.018517,-0.28195,-0.956732,0.069454,0.0
50558,android.sensor.game_rotation_vector,0.281672,0.006855,0.038323,0.95871997
50606,android.sensor.gravity,0.065799996,5.272,8.2687
50659,android.sensor.magnetic_field,-0.625,-27.625,-10.1875
50710,android.sensor.orientation,175.51,-32.45,0.24
50766,android.sensor.accelerometer,0.047884032,5.2289367,8.0445175
50816,android.sensor.accelerometer,0.1340753,5.353435,8.494628
50866,android.sensor.accelerometer,0.095768064,5.2385135,8.303091
50916,android.sensor.accelerometer,0.06703765,5.267244,8.379706
50966,android.sensor.accelerometer,0.08619126,5.2385135,8.42759
51016,android.sensor.accelerometer,0.21068975,5.2289367,8.264784
51066,android.sensor.accelerometer,-0.02873042,5.3247046,8.523358
51116,android.sensor.accelerometer,0.21068975,5.363012,7.632715
51166,android.sensor.accelerometer,0.16280572,5.3247046,8.504205
51216,android.sensor.accelerometer,-0.02873042,5.094861,7.7189064
51271,android.sensor.accelerometer,0.1340753,5.391742,8.389283
51326,android.sensor.accelerometer,0.15322891,5.2768207,8.293514
51377,android.sensor.accelerometer,0.1340753,5.3247046,8.312668
51426,android.sensor.accelerometer,0.11492168,5.2959743,8.341399
51476,android.sensor.accelerometer,0.15322891,5.315128,8.350976
51526,android.sensor.accelerometer,0.19153613,5.3342814,8.293514
51576,android.sensor.accelerometer,0.17238252,5.305551,8.418014
51626,android.sensor.accelerometer,0.19153613,5.3247046,8.121132
51677,android.sensor.geomagnetic_rotation_vector,0.0,-0.281119,-0.959173,0.030938,0.0
51727,android.sensor.rotation_vector,-0.006837,-0.284725,-0.958311,0.02289,0.0
51778,android.sensor.game_rotation_vector,0.288577,-0.00602,0.033133,0.956864
51829,android.sensor.game_rotation_vector,0.288726,-0.006647,0.033133,0.956814
51880,android.sensor.orientation,177.59999,-33.37,1.8399999
51931,android.sensor.orientation,177.53,-33.5,1.8
51986,android.sensor.accelerometer,0.22984336,5.410896,8.24563
52036,android.sensor.accelerometer,0.29688102,5.449203,8.446744
52086,android.sensor.accelerometer,0.29688102,5.449203,7.920019
52138,android.sensor.geomagnetic_rotation_vector,0.001806,-0.293491,-0.95361197,0.06695,0.0
52189,android.sensor.game_rotation_vector,0.295405,-0.016615,0.034281,0.954611
52238,android.sensor.game_rotation_vector,0.295026,-0.025719,0.032586,0.95458597
52289,android.sensor.game_rotation_vector,0.293418,-0.036752,0.032358,0.954729
52340,android.sensor.orientation,178.83,-33.37,5.56
52391,android.sensor.orientation,178.12,-33.07,5.64
52447,android.sensor.accelerometer,0.91937345,5.1140146,8.39886
52491,android.sensor.gyroscope_uncalibrated,0.2761111,-0.66950834,0.30909783,0.010995574,0.04642576,-0.0012217305
52547,android.sensor.accelerometer,1.8579005,5.554548,7.603985
52596,android.sensor.accelerometer,2.384625,5.9280434,7.2687964
52646,android.sensor.accelerometer,2.231396,5.861006,4.999093
52699,android.sensor.game_rotation_vector,0.313095,-0.120261,0.051753,0.940653
52750,android.sensor.gyroscope,-0.16371189,0.4092797,-0.27366763
52806,android.sensor.accelerometer,1.6184803,5.363012,6.445191
52856,android.sensor.accelerometer,1.1300632,5.1906295,7.9870567
52906,android.sensor.accelerometer,1.0630256,5.1906295,8.054094
52956,android.sensor.accelerometer,1.4556746,5.48751,8.532935
53006,android.sensor.accelerometer,1.2449849,5.45878,8.293514
53056,android.sensor.accelerometer,1.1204864,5.4300494,7.9487495
53106,android.sensor.accelerometer,1.0247183,5.48751,7.9487495
53157,android.sensor.rotation_vector,-0.038419,-0.300302,-0.95085,0.065009,0.0
53217,android.sensor.accelerometer,1.0821792,5.535394,8.37013
53266,android.sensor.accelerometer,1.2162545,5.5641246,7.9008656
53316,android.sensor.accelerometer,1.2449849,5.6407394,8.159439
53363,android.sensor.magnetic_field_uncalibrated,118.4375,136.0,174.0,124.9375,159.9375,182.0
53416,android.sensor.accelerometer,1.1683705,5.5641246,7.9870567
53469,android.sensor.game_rotation_vector,0.301537,-0.044968,0.057018,0.950685
53520,android.sensor.game_rotation_vector,0.30105,-0.044995,0.05706,0.950835
53569,android.sensor.gravity,1.1811,5.5285,8.0131
53626,android.sensor.accelerometer,1.1492168,5.535394,8.207323
53676,android.sensor.accelerometer,1.1587936,5.497087,7.9008656
53726,android.sensor.accelerometer,1.0342951,5.410896,8.207323
53776,android.sensor.accelerometer,1.0630256,5.315128,8.485051
53826,android.sensor.accelerometer,1.1204864,5.363012,8.437167
53876,android.sensor.accelerometer,1.1109096,5.449203,8.197746
53927,android.sensor.linear_acceleration,-0.0685,-0.0524,-0.28669998
53979,android.sensor.game_rotation_vector,0.295228,-0.047808,0.050538,0.95289
54029,android.sensor.game_rotation_vector,0.297056,-0.05052,0.051526,0.952129
54081,android.sensor.orientation,174.76999,-35.079998,7.7599998
54136,android.sensor.accelerometer,1.6376339,5.6120086,8.494628
54186,android.sensor.accelerometer,1.4269443,5.5162406,7.9008656
54236,android.sensor.accelerometer,1.5705963,5.6215854,8.063671
54286,android.sensor.accelerometer,1.532289,5.5641246,8.111555
54336,android.sensor.accelerometer,1.541866,5.544971,7.881712
54386,android.sensor.accelerometer,1.541866,5.4779334,7.8146744
54437,android.sensor.geomagnetic_rotation_vector,-0.041869,-0.313703,-0.938965,0.134839,0.0
54489,android.sensor.game_rotation_vector,0.294514,-0.072212,0.064123,0.950754
54538,android.sensor.game_rotation_vector,0.294994,-0.071117,0.064998,0.950629
54589,android.sensor.gyroscope,-0.06719518,0.11362094,0.0061086523
54640,android.sensor.orientation,174.14,-33.44,9.32
54690,android.sensor.orientation,173.98999,-33.239998,9.04
54746,android.sensor.accelerometer,1.541866,5.3821654,8.159439
54796,android.sensor.accelerometer,1.541866,5.401319,8.485051
54847,android.sensor.accelerometer,1.2258313,5.257667,7.97748
54896,android.sensor.accelerometer,0.90979666,5.21936,8.255207
54948,android.sensor.geomagnetic_rotation_vector,-0.022578,-0.272406,-0.958787,0.07754,0.0
54998,android.sensor.game_rotation_vector,0.280222,-0.021837,0.069972,0.957132
55049,android.sensor.magnetic_field,-3.5625,-26.875,-12.375
55100,android.sensor.orientation,171.62999,-32.76,3.4299998
55151,android.sensor.orientation,171.41,-32.8,3.1399999
55206,android.sensor.accelerometer,0.4309563,5.353435,8.197746
55256,android.sensor.accelerometer,0.40222588,5.5258174,8.408437
55306,android.sensor.accelerometer,0.25857377,5.21936,8.236053
55356,android.sensor.accelerometer,-0.19153613,5.1810527,8.350976
55406,android.sensor.accelerometer,-0.047884032,5.2002063,8.743625
55456,android.sensor.accelerometer,0.095768064,5.056554,8.37013
55506,android.sensor.accelerometer,0.05746084,5.133168,8.437167
55556,android.sensor.accelerometer,0.12449849,5.104438,8.475474
55607,android.sensor.gravity,0.2972,5.1177,8.36
55657,android.sensor.rotation_vector,-0.019281,-0.276106,-0.958179,0.072707,0.0
55709,android.sensor.game_rotation_vector,0.285682,-0.056461,0.063711,0.954535
55759,android.sensor.game_rotation_vector,0.294547,-0.084116,0.062133,0.949897
55809,android.sensor.game_rotation_vector,0.30259,-0.100572,0.055598,0.946167
55860,android.sensor.orientation,173.70999,-32.8,13.15
55911,android.sensor.orientation,172.91,-31.869999,11.0
55966,android.sensor.accelerometer,0.9672575,5.2002063,7.651869
56016,android.sensor.accelerometer,1.0821792,5.171476,8.025364
56066,android.sensor.accelerometer,1.1587936,5.2002063,8.6574335
56118,android.sensor.accelerometer,0.7182605,5.085284,8.360553
56170,android.sensor.game_rotation_vector,0.278868,-0.034464,0.055767998,0.958089
56220,android.sensor.orientation,172.41,-32.329998,5.43
56271,android.sensor.orientation,172.33,-32.239998,5.54
56321,android.sensor.accelerometer,0.93852705,5.267244,8.054094
56376,android.sensor.accelerometer,0.92895025,5.3342814,8.542512
56426,android.sensor.accelerometer,0.8714894,5.171476,8.331821
56476,android.sensor.accelerometer,0.94810385,5.2959743,8.350976
56526,android.sensor.accelerometer,0.7661445,5.1810527,8.504205
56577,android.sensor.gravity,0.9206,5.1628,8.2866
56630,android.sensor.game_rotation_vector,0.277265,-0.03263,0.057207,0.958533
56680,android.sensor.orientation,172.33,-31.99,5.41
56730,android.sensor.magnetic_field_uncalibrated,122.0625,133.0625,167.4375,124.9375,159.9375,182.0
56786,android.sensor.accelerometer,0.9576807,5.1906295,8.312668
56832,android.sensor.orientation,172.68,-32.149998,5.2999997
56886,android.sensor.accelerometer,0.8619126,5.209783,8.274361
56936,android.sensor.accelerometer,0.8810662,5.1906295,8.341399
56986,android.sensor.accelerometer,0.82360536,5.2002063,8.389283
57036,android.sensor.accelerometer,0.81402856,5.209783,8.408437
57087,android.sensor.gravity,0.82699996,5.1928,8.277699
57139,android.sensor.game_rotation_vector,0.278495,-0.028647,0.053771,0.958503
57196,android.sensor.rotation_vector,-0.022098,-0.278295,-0.95722,0.076103,0.0
57246,android.sensor.accelerometer,0.7757214,5.209783,8.1881695
57296,android.sensor.accelerometer,0.842759,5.2289367,8.42759
57347,android.sensor.rotation_vector,-0.02247,-0.279056,-0.956987,0.076139,0.0
57397,android.sensor.rotation_vector,-0.022509,-0.279529,-0.956833,0.076323,0.0
57449,android.sensor.game_rotation_vector,0.279749,-0.029325,0.053993,0.958104
57499,android.sensor.magnetic_field_uncalibrated,119.875,136.0,171.8125,124.9375,159.9375,182.0
57551,android.sensor.gyroscope,0.008552114,0.007330383,0.0061086523
57601,android.sensor.orientation,172.23,-32.3,4.99
57656,android.sensor.accelerometer,0.89064306,5.2480903,8.331821
57706,android.sensor.accelerometer,0.90021986,5.2289367,8.379706
57756,android.sensor.accelerometer,0.8331822,5.2002063,8.303091
57807,android.sensor.accelerometer,0.90979666,5.2768207,8.293514
57856,android.sensor.accelerometer,0.8619126,5.21936,8.331821
57909,android.sensor.game_rotation_vector,0.279028,-0.029739,0.054113,0.958295
57958,android.sensor.game_rotation_vector,0.278931,-0.029773,0.054124,0.958322
58010,android.sensor.game_rotation_vector,0.278808,-0.029718,0.054113,0.95836
58061,android.sensor.orientation,171.93,-32.309998,4.87
58114,android.sensor.orientation,171.9,-32.36,4.8199997
58166,android.sensor.accelerometer,0.8714894,5.2289367,8.42759
58216,android.sensor.accelerometer,0.842759,5.2480903,8.264784
58269,android.sensor.game_rotation_vector,0.278866,-0.029397,0.054045,0.958357
58321,android.sensor.orientation,171.78,-32.41,4.7599998
58373,android.sensor.gyroscope,0.03176499,0.04642576,0.008552114
58427,android.sensor.accelerometer,0.81402856,5.2863975,8.42759
58478,android.sensor.game_rotation_vector,0.279144,-0.026205,0.05476,0.958328
58530,android.sensor.game_rotation_vector,0.28459,-0.024523,0.056125,0.95669
58586,android.sensor.game_rotation_vector,0.28301,-0.023341,0.056477,0.95716697
58631,android.sensor.gyroscope_uncalibrated,-0.04153884,-0.004886922,0.0061086523,0.010995574,0.04642576,-0.0012217305
58686,android.sensor.accelerometer,0.7374141,5.2289367,8.312668
58736,android.sensor.accelerometer,0.7661445,5.2959743,8.303091
58787,android.sensor.accelerometer,0.7278373,5.2385135,8.37013
58836,android.sensor.accelerometer,0.7469909,5.2480903,8.130709
58887,android.sensor.rotation_vector,-0.014228,-0.281655,-0.955607,0.085339,0.0
58939,android.sensor.game_rotation_vector,0.280704,-0.021385,0.058224,0.957787
58991,android.sensor.orientation,170.79,-32.85,4.0699997
59046,android.sensor.accelerometer,0.5554548,5.1235914,8.1402855
59096,android.sensor.accelerometer,0.7469909,5.305551,8.24563
59146,android.sensor.accelerometer,0.6512229,5.2385135,8.341399
59196,android.sensor.accelerometer,0.6991069,5.2289367,8.408437
59246,android.sensor.accelerometer,0.6512229,5.1523223,8.111555
59296,android.sensor.accelerometer,0.7182605,5.2289367,8.475474
59346,android.sensor.accelerometer,0.7182605,5.1523223,8.437167
59396,android.sensor.accelerometer,0.7374141,5.1810527,8.408437
59446,android.sensor.accelerometer,0.7661445,5.1523223,8.303091
59496,android.sensor.accelerometer,0.6991069,5.257667,8.389283
59546,android.sensor.geomagnetic_rotation_vector,0.002812,-0.272957,-0.952263,0.13668,0.0
59597,android.sensor.rotation_vector,-0.009075,-0.276662,-0.956684,0.090174,0.0
59647,android.sensor.geomagnetic_rotation_vector,-0.01385,-0.283254,-0.954661,0.090537,0.0
59718,android.sensor.accelerometer,0.6895301,5.2289367,8.571242
59776,android.sensor.accelerometer,0.61291564,5.1235914,8.418014
59829,android.sensor.game_rotation_vector,0.276283,-0.017965,0.061599,0.95893097
59886,android.sensor.accelerometer,0.6799533,5.133168,8.42759
-59937,sound,60.10361025007561
59999,android.sensor.game_rotation_vector,0.275887,-0.018367,0.061519,0.959043
60039,android.sensor.game_rotation_vector,0.276115,-0.018551,0.061453,0.958978
60089,android.sensor.gyroscope_uncalibrated,0.0061086523,0.081855945,-0.0012217305,0.010995574,0.04642576,-0.0012217305
60146,android.sensor.accelerometer,0.7182605,5.1906295,8.2169
60192,android.sensor.orientation,170.4,-31.76,3.9599998
60246,android.sensor.accelerometer,0.7374141,5.161899,8.647857
60296,android.sensor.accelerometer,0.6607997,5.1235914,8.408437
60346,android.sensor.accelerometer,0.6895301,5.1906295,8.274361
60396,android.sensor.accelerometer,0.59376204,5.0278234,8.025364
60446,android.sensor.accelerometer,0.82360536,5.410896,8.552089
60505,android.sensor.accelerometer,0.5363012,4.951209,8.523358
60549,android.sensor.game_rotation_vector,0.275154,-0.01529,0.061797,0.95928997
60601,android.sensor.orientation,171.98999,-31.599998,3.56
60650,android.sensor.orientation,172.0,-31.51,3.58
60706,android.sensor.accelerometer,0.62249243,5.104438,8.350976
60756,android.sensor.accelerometer,0.641646,5.133168,8.465898
60806,android.sensor.accelerometer,0.5746084,5.0661306,8.475474
60856,android.sensor.accelerometer,0.61291564,5.104438,8.446744
60906,android.sensor.accelerometer,0.7278373,5.1235914,8.686164
60956,android.sensor.accelerometer,0.4213795,4.855441,8.408437
61006,android.sensor.accelerometer,0.5650316,4.9416323,8.42759
61056,android.sensor.accelerometer,0.50757074,4.8267107,8.485051
61106,android.sensor.accelerometer,0.61291564,5.1523223,8.1402855
61157,android.sensor.rotation_vector,-0.010894,-0.270022,-0.961104,0.056984,0.0
61209,android.sensor.game_rotation_vector,0.272574,-0.01403,0.043405,0.961052
61258,android.sensor.game_rotation_vector,0.270708,-0.013452,0.043555,0.961581
61309,android.sensor.gyroscope,0.004886922,-0.06841691,0.014660766
61360,android.sensor.orientation,176.67,-31.08,3.06
61410,android.sensor.orientation,176.75,-30.72,3.22
61466,android.sensor.accelerometer,0.5554548,5.0278234,8.293514
61516,android.sensor.accelerometer,0.63206923,4.9895163,8.676587
61566,android.sensor.accelerometer,0.49799395,4.960786,8.485051
61616,android.sensor.accelerometer,0.5650316,4.960786,8.561666
61666,android.sensor.accelerometer,0.59376204,5.00867,8.542512
61716,android.sensor.accelerometer,0.58418524,4.9320555,8.42759
61766,android.sensor.accelerometer,0.62249243,4.9416323,8.408437
61816,android.sensor.accelerometer,0.6607997,5.0278234,8.810662
61866,android.sensor.accelerometer,0.62249243,4.8267107,7.9870567
61916,android.sensor.accelerometer,0.89064306,5.315128,9.3182335
61966,android.sensor.accelerometer,0.61291564,4.663905,8.724471
62017,android.sensor.rotation_vector,-0.022989,-0.261107,-0.964122,0.041970998,0.0
62070,android.sensor.magnetic_field,-2.875,-29.0625,-16.0625
62126,android.sensor.accelerometer,0.7182605,4.9703627,8.734048
62176,android.sensor.accelerometer,0.25857377,4.6830587,9.011775
62226,android.sensor.geomagnetic_rotation_vector,-0.0131479995,-0.264966,-0.95914197,0.098318,0.0
62277,android.sensor.rotation_vector,-0.023075,-0.259961,-0.96457,0.038623,0.0
62329,android.sensor.game_rotation_vector,0.264989,-0.023226,0.045594,0.962892
62378,android.sensor.game_rotation_vector,0.265171,-0.024087,0.044634,0.962866
62428,android.sensor.game_rotation_vector,0.269506,-0.023629,0.044908,0.96165997
62480,android.sensor.orientation,176.47,-31.529999,3.97
62534,android.sensor.game_rotation_vector,0.267182,-0.020104,0.045137,0.962378
62579,android.sensor.magnetic_field,-0.625,-29.8125,-12.375
62636,android.sensor.accelerometer,0.7182605,4.999093,8.7532015
62686,android.sensor.accelerometer,0.6512229,4.817134,8.283937
62736,android.sensor.accelerometer,0.641646,5.085284,8.542512
62786,android.sensor.geomagnetic_rotation_vector,-0.016038,-0.256482,-0.964989,0.05248,0.0
62837,android.sensor.rotation_vector,-0.019587,-0.263577,-0.963286,0.04715,0.0
62889,android.sensor.game_rotation_vector,0.264748,-0.016139,0.054524,0.962639
62938,android.sensor.game_rotation_vector,0.264151,-0.013494,0.055635,0.96278
62989,android.sensor.game_rotation_vector,0.266912,-0.006879,0.057722,0.961966
63040,android.sensor.orientation,174.70999,-30.609999,2.6799998
63090,android.sensor.orientation,174.76,-30.82,2.6399999
63140,android.sensor.orientation,174.83,-30.84,2.8
63190,android.sensor.orientation,174.81999,-30.529999,2.81
63246,android.sensor.accelerometer,0.51714754,4.999093,8.360553
63296,android.sensor.accelerometer,0.58418524,5.0182467,8.6095495
63346,android.sensor.accelerometer,0.46926352,4.9320555,8.772355
63396,android.sensor.accelerometer,0.48841715,4.9895163,8.42759
63446,android.sensor.accelerometer,0.48841715,5.0661306,8.552089
63496,android.sensor.accelerometer,0.46926352,4.9416323,8.724471
63546,android.sensor.accelerometer,0.46926352,4.960786,8.6095495
63596,android.sensor.accelerometer,0.39264908,5.056554,8.6095495
63646,android.sensor.accelerometer,0.4309563,4.8841715,8.159439
63696,android.sensor.geomagnetic_rotation_vector,-0.005694,-0.263728,-0.960279,0.090984,0.0
63747,android.sensor.geomagnetic_rotation_vector,-0.012714,-0.273498,-0.951959,0.13715,0.0
63798,android.sensor.game_rotation_vector,0.277549,-0.065847,0.050981,0.957095
63849,android.sensor.game_rotation_vector,0.283695,-0.084566,0.0507,0.953831
63899,android.sensor.magnetic_field,-7.9375,-23.25,-8.0
63949,android.sensor.gyroscope_uncalibrated,0.087964594,-0.103847094,0.103847094,0.010995574,0.04642576,-0.0012217305
64000,android.sensor.orientation,178.4,-34.25,13.61
64056,android.sensor.accelerometer,2.5378537,5.410896,9.184157
